ETAB_CODE,ETAB_NOM,ETAB_NOM_A,RSS_CODE,RSS_NOM,ADRESSE,CASE_POST,CODE_POSTA,MUN_CODE,MUN_NOM,CLSC_CODE,CLSC_NOM,MRC_CODE,MRC_NOM,RLS_CODE,RLS_NOM,RUIS_CODE,RUIS_NOM,STATUT_COD,MD_CONS_CO,MD_FINAN_C,DESIGN_MIN,INSTANCE,DATE_INCOR,LONGITUDE,LATITUDE,CHPSY,CHSGS,CHSLD,CLSC,CPEJ,CRDITED,CRDPA,CRDPM,CRDPV,CRDPL,CRJDA,CRMDA,CRD,DATE_MAJ
"11042280","Centre Le Cardinal inc.","Centre Le Cardinal inc.","06","Montréal","12900, rue Notre-Dame Est"," ","H1A1R9","66023","Montréal","06523","Pointe-aux-Trembles","660","Montréal","0652","RLS de Rivière-des-Prairies - Anjou - Montréal-Est","2","RUISSS Université de Montréal","2","1","2"," ","N","2010-02-24",-73.4883346558,45.6524505615,"Non","Non","Oui","Non","Non","Non","Non","Non","Non","Non","Non","Non","Non","2021-12-03"
"11042603","Groupe Roy santé Inc.","Groupe Roy santé Inc.","06","Montréal","3550, rue Saint-Urbain"," ","H2X4C5","66023","Montréal","06225","Métro","660","Montréal","0622","RLS de Côte-des-Neiges - Métro - Parc-Extension","3","RUISSS Université McGill","2","1","2"," ","N","2010-02-24",-73.5729370117,45.5122146606,"Non","Non","Oui","Non","Non","Non","Non","Non","Non","Non","Non","Non","Non","2021-12-03"
"11042686","Centre régional de santé et de services sociaux de la Baie-James","CRSSS de la Baie-James","10","Nord-du-Québec","312, 3e Rue"," ","G8P1N5","99025","Chibougamau","10014","Chibougamau-Chapais","991","Jamésie"," "," ","1","RUISSS Université Laval","1","2","1"," ","N","2007-04-02",-74.3570785522,49.913394928,"Non","Oui","Oui","Oui","Oui","Oui","Non","Non","Non","Non","Non","Non","Oui","2021-12-03"
"11042918","Centre hospitalier de l'Université de Montréal","CHUM","06","Montréal","850, rue Saint-Denis"," ","H2X0A9","66023","Montréal","06324","Montréal - Centre-Ville","660","Montréal","0632","RLS des Faubourgs - Plateau-Mont-Royal - St-Louis-du-Parc","2","RUISSS Université de Montréal","1","2","1","1","N","",-73.5559463501,45.5108375549,"Non","Oui","Non","Non","Non","Non","Non","Non","Non","Non","Non","Non","Non","2021-12-03"
"11043163","CHSLD Résidence Bourg-Joli Inc.","CHSLD Résidence Bourg-Joli Inc.","16","Montérégie","2915, boulevard Laframboise"," ","J2S4Z3","54048","Saint-Hyacinthe","16222","Les Maskoutains","540","Les Maskoutains","1622","RLS de Richelieu-Yamaska","4","RUISSS Université de Sherbrooke","2","1","4"," ","N","2010-02-24",-72.964225769,45.6335144043,"Non","Non","Oui","Non","Non","Non","Non","Non","Non","Non","Non","Non","Non","2021-12-03"
"11043437","Conseil de la nation atikamekw","Conseil de la nation atikamekw","04","Mauricie et Centre-du-Québec","wemotaci"," ","G0X3R0","90802","Wemotaci"," "," ","900","La Tuque"," "," "," "," ","2","0","4"," ","N","2010-02-23",-73.7873306274,47.9025650024,"Non","Non","Non","Non","Non","Non","Non","Non","Non","Non","Oui","Non","Non","2021-12-03"
"11043536","Le CHSLD des Premières Nations du Timiskaming","Le CHSLD des Premières Nations du Timiskaming","08","Abitibi-Témiscamingue","20, avenue Algonquin"," ","J0Z3B0","85090","Notre-Dame-du-Nord"," "," ","850","Témiscamingue"," "," "," "," ","2","4","4"," ","N","2010-02-24",-79.4703979492,47.6070137024,"Non","Non","Oui","Non","Non","Non","Non","Non","Non","Non","Non","Non","Non","2021-12-03"
"11043791","CHSLD de la Côte Boisée Inc.","CHSLD de la Côte Boisée Inc.","14","Lanaudière","4300, rue d'Angora"," ","J6X4P1","64008","Terrebonne","14121","Les Moulins","640","Les Moulins","1412","RLS de Lanaudière-Sud","2","RUISSS Université de Montréal","2","1","2"," ","N","2010-02-24",-73.6615905762,45.7127571106,"Non","Non","Oui","Non","Non","Non","Non","Non","Non","Non","Non","Non","Non","2021-12-03"
"11043866","CLSC Naskapi","CLSC Naskapi","09","Côte-Nord","Case postale 5154"," ","G0G2Z0","97806","Kawawachikamach","09171","Territoire Naskapi","972","Caniapiscau","0917","RLS de Kawawachikamach","1","RUISSS Université Laval","1","2","1"," ","O","2002-10-15",-66.764251709,54.8612480164,"Non","Non","Non","Oui","Non","Non","Non","Non","Non","Non","Non","Non","Non","2021-12-03"
"11043890","Centre d'hébergement de la Marée Inc.","Centre d'hébergement de la Marée Inc.","06","Montréal","7015, boulevard Gouin Est"," ","H1E5N2","66023","Montréal","06521","Rivière-des-Prairies","660","Montréal","0652","RLS de Rivière-des-Prairies - Anjou - Montréal-Est","2","RUISSS Université de Montréal","2","1","4"," ","N","2010-02-24",-73.6190414429,45.6300621033,"Non","Non","Oui","Non","Non","Non","Non","Non","Non","Non","Non","Non","Non","2021-12-03"
"11043981","Prodimax Inc.","Prodimax Inc.","13","Laval","1050, 15e avenue"," ","H7R4N9","65005","Laval","13111","Sainte-Rose-de-Laval","650","Laval","1311","RLS de Laval","2","RUISSS Université de Montréal","2","1","8"," ","N","2010-02-24",-73.8588943481,45.5621910095,"Non","Non","Oui","Non","Non","Non","Non","Non","Non","Non","Non","Non","Non","2021-12-03"
"11043999","Santé Courville inc.","Santé Courville inc.","13","Laval","5200, 80e Rue"," ","H7R5T6","65005","Laval","13111","Sainte-Rose-de-Laval","650","Laval","1311","RLS de Laval","2","RUISSS Université de Montréal","2","1","6"," ","N","2010-02-24",-73.8550033569,45.5432891846,"Non","Non","Oui","Non","Non","Non","Non","Non","Non","Non","Non","Non","Non","2021-12-03"
"11044088","Centre intégré de santé et de services sociaux des Îles","CISSS des Îles","11","Gaspésie–Îles-de-la-Madeleine","430, chemin Principal (Cap-aux-Meules)"," ","G4T1R9","01023","Les Îles-de-la-Madeleine","11211","Îles-de-la-Madeleine","010","Communauté maritime des Îles-de-la-Madeleine","1121","RLS des Îles-de-la-Madeleine","1","RUISSS Université Laval","1","2","1"," ","O","2007-04-11",-61.8687705994,47.3755760193,"Non","Oui","Oui","Oui","Non","Oui","Non","Non","Non","Non","Non","Non","Non","2021-12-03"
"11044633","Centre d'hébergement de la Villa-les-Tilleuls Inc.","Centre d'hébergement de la Villa-les-Tilleuls Inc.","13","Laval","5590, boulevard des Laurentides"," ","H7K2K2","65005","Laval","13111","Sainte-Rose-de-Laval","650","Laval","1311","RLS de Laval","2","RUISSS Université de Montréal","2","1","8"," ","N","2010-02-24",-73.752243042,45.6267585754,"Non","Non","Oui","Non","Non","Non","Non","Non","Non","Non","Non","Non","Non","2021-12-03"
"11044674","Centre d'hébergement et de soins de longue durée du Manoir-de-l'Ouest-de-l'Île, S.E.C.","CHSLD du Manoir-de-l'Ouest-de-l'Île, S.E.C.","06","Montréal","17725, boulevard de Pierrefonds"," ","H9J3L1","66023","Montréal","06112","Pierrefonds","660","Montréal","0611","RLS de Pierrefonds - Lac Saint-Louis","3","RUISSS Université McGill","2","0","8"," ","N","2010-02-24",-73.8856124878,45.462852478,"Non","Non","Oui","Non","Non","Non","Non","Non","Non","Non","Non","Non","Non","2021-12-03"
"11044682","Groupe Champlain Inc","Groupe Champlain Inc.","06","Montréal","7150, rue Marie-Victorin"," ","H1G2J5","66023","Montréal","06521","Rivière-des-Prairies","660","Montréal","0652","RLS de Rivière-des-Prairies - Anjou - Montréal-Est","2","RUISSS Université de Montréal","2","1","2"," ","N","2010-02-24",-73.6037445068,45.6160697937,"Non","Non","Oui","Non","Non","Non","Non","Non","Non","Non","Non","Non","Non","2021-12-03"
"11044765","Centre d'hébergement et de soins de longue durée des Floralies-de-Lachine Inc.","CHSLD des Floralies-de-Lachine Inc.","06","Montréal","650, 32e Avenue"," ","H8T3K4","66023","Montréal","06121","Lachine","660","Montréal","0612","RLS de Dorval - Lachine - Lasalle","3","RUISSS Université McGill","2","1","8"," ","N","2010-02-24",-73.6918411255,45.4408454895,"Non","Non","Oui","Non","Non","Non","Non","Non","Non","Non","Non","Non","Non","2021-12-03"
"11044773","Centre d'hébergement et de soins de longue durée des Floralies-de-Lasalle Inc.","CHSLD des Floralies-de-Lasalle Inc.","06","Montréal","8200, rue Georges"," ","H8P3T6","66023","Montréal","06122","Lasalle","660","Montréal","0612","RLS de Dorval - Lachine - Lasalle","3","RUISSS Université McGill","2","1","8"," ","N","2010-02-24",-73.6090316772,45.4241905212,"Non","Non","Oui","Non","Non","Non","Non","Non","Non","Non","Non","Non","Non","2021-12-03"
"11044781","Centre d'hébergement et de soins de longue durée Côte-Jardin Inc.","CHSLD Côte-Jardin Inc.","03","Capitale-Nationale","880, avenue Painchaud"," ","G1S0A3","23027","Québec","03123","Sainte-Foy - Sillery","230","Québec","0312","RLS de Québec-Sud","1","RUISSS Université Laval","2","1","8"," ","N","2010-02-24",-71.2610244751,46.7881507874,"Non","Non","Oui","Non","Non","Non","Non","Non","Non","Non","Non","Non","Non","2021-12-03"
"11044807","Centre d'hébergement et de soins de longue durée du Château-sur-le-Lac-de-Sainte-Geneviève inc.","CHSLD du Château-sur-le-Lac-de-Sainte-Geneviève inc.","06","Montréal","16289, boulevard Gouin Ouest"," ","H9H1E2","66023","Montréal","06112","Pierrefonds","660","Montréal","0611","RLS de Pierrefonds - Lac Saint-Louis","3","RUISSS Université McGill","2","1","8"," ","N","2010-02-24",-73.8744659424,45.4779891968,"Non","Non","Oui","Non","Non","Non","Non","Non","Non","Non","Non","Non","Non","2021-12-03"
"11044815","Vigi Santé Ltée","Vigi Santé Ltée","06","Montréal","197, rue Thornhill"," ","H9B3H8","66142","Dollard-Des Ormeaux","06113","Dollard-des-Ormeaux","660","Montréal","0611","RLS de Pierrefonds - Lac Saint-Louis","3","RUISSS Université McGill","2","1","2"," ","N","2012-05-15",-73.816116333,45.4802017212,"Non","Non","Oui","Non","Non","Non","Non","Non","Non","Non","Non","Non","Non","2021-12-03"
"11044823","Centre d'hébergement et de soins de longue durée Providence - Saint-Joseph inc.","CHSLD Providence - Saint-Joseph inc.","06","Montréal","5605, rue Beaubien Est"," ","H1T1X4","66023","Montréal","06531","Rosemont","660","Montréal","0653","RLS de Hochelaga - Mercier-Ouest - Rosemont","2","RUISSS Université de Montréal","2","1","2"," ","N","2011-09-19",-73.5674591064,45.5789260864,"Non","Non","Oui","Non","Non","Non","Non","Non","Non","Non","Non","Non","Non","2021-12-03"
"11044831","Maison des ainées de St-Timothée Inc.","Maison des ainées de St-Timothée Inc.","16","Montérégie","1, rue des Aînés"," ","J6S6M8","70052","Salaberry-de-Valleyfield","16321","Valleyfield-Beauharnois","700","Beauharnois-Salaberry","1632","RLS du Suroît","3","RUISSS Université McGill","2","1","8"," ","N","2011-11-09",-74.0367050171,45.2893562317,"Non","Non","Oui","Non","Non","Non","Non","Non","Non","Non","Non","Non","Non","2021-12-03"
"11044849","CHSLD Domaine Saint-Dominique S.E.C.","CHSLD Domaine Saint-Dominique S.E.C.","03","Capitale-Nationale","1045, boulevard René-Lévesque Ouest"," ","G1S1V3","23027","Québec","03123","Sainte-Foy - Sillery","230","Québec","0312","RLS de Québec-Sud","1","RUISSS Université Laval","2","0","4"," ","N","2012-05-15",-71.2416000366,46.7950134277,"Non","Non","Oui","Non","Non","Non","Non","Non","Non","Non","Non","Non","Non","2021-12-03"
"11044864","Centre d'hébergement et de soins de longue durée de Saint-Lambert-sur-le-Golf Inc.","CHSLD de Saint-Lambert-sur-le-Golf Inc.","16","Montérégie","549, rue de Verrazano"," ","J4B7W2","58033","Boucherville","16213","Lajemmerais","580","Longueuil","1621","RLS Pierre-Boucher","2","RUISSS Université de Montréal","2","6","4"," ","N","2012-05-15",-73.4443664551,45.6024894714,"Non","Non","Oui","Non","Non","Non","Non","Non","Non","Non","Non","Non","Non","2021-12-03"
"11044948","Centre d'hébergement et de soins de longue durée Wales Inc.","CHSLD Wales Inc.","05","Estrie","506, Route 243"," ","J0B2H0","42110","Cleveland","05161","Val Saint-François","420","Le Val-Saint-François","0516","RLS de Val Saint-François","4","RUISSS Université de Sherbrooke","2","1","4"," ","N","2012-04-12",-72.1738052368,45.6754226685,"Non","Non","Oui","Non","Non","Non","Non","Non","Non","Non","Non","Non","Non","2021-12-03"
"11044955","CHSLD Age3 Inc.","CHSLD Age3 Inc.","13","Laval","4410, boulevard Saint-Martin Ouest"," ","H7T1C3","65005","Laval","13114","Chomedey","650","Laval","1311","RLS de Laval","2","RUISSS Université de Montréal","2","1","2"," ","N","2012-04-26",-73.7676696777,45.547000885,"Non","Non","Oui","Non","Non","Non","Non","Non","Non","Non","Non","Non","Non","2021-12-03"
"11044971","Centre d'hébergement et de soins de longue durée du Boisé Sainte-Thérèse Inc.","CHSLD Boisé Ste-Thérèse","15","Laurentides","179, place Fabien-Drapeau"," ","J7E5W6","73010","Sainte-Thérèse","15171","Thérèse-De Blainville","730","Thérèse-De Blainville","1517","RLS de Thérèse-De Blainville","2","RUISSS Université de Montréal","2","1","4"," ","N","2014-05-05",-73.840927124,45.6491622925,"Non","Non","Oui","Non","Non","Non","Non","Non","Non","Non","Non","Non","Non","2021-12-03"
"11044989","Centre de réadaptation en dépendance du Nouveau Départ Inc.","Centre de réadapt. en dépendance du Nouveau Départ Inc.","06","Montréal","1110, avenue Beaumont"," ","H3P3E5","66072","Mont-Royal","06222","Mont-Royal","660","Montréal","0622","RLS de Côte-des-Neiges - Métro - Parc-Extension","3","RUISSS Université McGill","2","1","4"," ","N","2014-04-07",-73.6224365234,45.5223045349,"Non","Non","Non","Non","Non","Non","Non","Non","Non","Non","Non","Non","Oui","2021-12-03"
"11044997","Centre d'hébergement et de soins de longue durée de Sainte-Catherine S.E.C.","CHSLD de Sainte-Catherine S.E.C.","16","Montérégie","3065, boulevard Marie-Victorin"," ","J5C1Z3","67030","Sainte-Catherine","16342","Saint-Constant - La Prairie","670","Roussillon","1634","RLS de Jardins-Roussillon","3","RUISSS Université McGill","2","0","4"," ","N","",-73.5433731079,45.4003067017,"Non","Non","Oui","Non","Non","Non","Non","Non","Non","Non","Non","Non","Non","2021-12-03"
"11045044","Centre d'hébergement et de soins de longue durée Angus Inc.","CHSLD Angus Inc.","06","Montréal","3200, rue Omer-Lavallée"," ","H1Y3P5","66023","Montréal","06531","Rosemont","660","Montréal","0653","RLS de Hochelaga - Mercier-Ouest - Rosemont","2","RUISSS Université de Montréal","2","1","4"," ","N","2014-04-07",-73.5606231689,45.5465431213,"Non","Non","Oui","Non","Non","Non","Non","Non","Non","Non","Non","Non","Non","2021-12-03"
"11045051","CHU de Québec – Université Laval","CHU de Québec – UL","03","Capitale-Nationale","11, côte du Palais"," ","G1R2J6","23027","Québec","03124","Québec - Haute-Ville","230","Québec","0312","RLS de Québec-Sud","1","RUISSS Université Laval","1","2","1","1","N","",-71.2109909058,46.8153915405,"Non","Oui","Oui","Non","Non","Non","Non","Non","Non","Non","Non","Non","Non","2021-12-03"
"11045069","Centre d'hébergement et de soins de longue durée Argyle Inc.","CHSLD Argyle Inc.","16","Montérégie","33, avenue Argyle"," ","J4P3P5","58012","Saint-Lambert","16111","Brossard - Saint-Lambert","580","Longueuil","1611","RLS de Champlain","2","RUISSS Université de Montréal","2","1","4"," ","N","2014-07-30",-73.5147018433,45.5015411377,"Non","Non","Oui","Non","Non","Non","Non","Non","Non","Non","Non","Non","Non","2021-12-03"
"11045077","Centre d'hébergement et de soins de longue durée du Groupe-Santé-Arbec Inc.","CHSLD Groupe-Santé-Arbec Inc.","14","Lanaudière","3931, rue Lakeshore Drive"," ","J0K1S0","62037","Rawdon","14111","Matawinie","620","Matawinie","1411","RLS de Lanaudière-Nord","2","RUISSS Université de Montréal","2","1","4"," ","N","2014-07-30",-73.7022247314,46.0508613586,"Non","Non","Oui","Non","Non","Non","Non","Non","Non","Non","Non","Non","Non","2021-12-03"
"11045085","Centre d'hébergement et de soins de longue durée de Saint-Jean-sur-Richelieu S.E.C.","CHSLD de Saint-Jean-sur-Richelieu S.E.C.","16","Montérégie","40, rue Labrèche"," ","J3B0J3","56083","Saint-Jean-sur-Richelieu","16122","Saint-Jean-sur-Richelieu - Saint-Luc","560","Le Haut-Richelieu","1612","RLS du Haut-Richelieu - Rouville","4","RUISSS Université de Sherbrooke","2","0","4"," ","N","",-73.2614974976,45.311580658,"Non","Non","Oui","Non","Non","Non","Non","Non","Non","Non","Non","Non","Non","2021-12-03"
"11045093","Centre d'hébergement et de soins de longue durée Valeo Inc.","CHSLD Valeo Inc.","16","Montérégie","700, rue Docteur-Chevrier"," ","J4P0A4","58012","Saint-Lambert","16111","Brossard - Saint-Lambert","580","Longueuil","1611","RLS de Champlain","2","RUISSS Université de Montréal","2","0","4"," ","N","",-73.501701355,45.5095596313,"Non","Non","Oui","Non","Non","Non","Non","Non","Non","Non","Non","Non","Non","2021-12-03"
"11045119","Centre intégré de santé et de services sociaux du Bas-Saint-Laurent","CISSS du Bas-Saint-Laurent","01","Bas-Saint-Laurent","355, boulevard Saint-Germain Ouest"," ","G5L3N2","10043","Rimouski","01151","Rimouski-Neigette","100","Rimouski-Neigette","0115","RLS de Rimouski","1","RUISSS Université Laval","1","2","1"," ","N","",-68.5404815674,48.4433555603,"Non","Oui","Oui","Oui","Oui","Oui","Oui","Oui","Oui","Non","Oui","Non","Oui","2021-12-03"
"11045127","Centre intégré universitaire de santé et de services sociaux du Saguenay – Lac-Saint-Jean","CIUSSS du Saguenay – Lac-Saint-Jean","02","Saguenay–Lac-Saint-Jean","930, rue Jacques-Cartier Est"," ","G7H7K9","94068","Saguenay","02151","Saguenay","941","Saguenay","0215","RLS de Chicoutimi","1","RUISSS Université Laval","1","2","1"," ","N","",-71.0400390625,48.4213104248,"Non","Oui","Oui","Oui","Oui","Oui","Oui","Oui","Oui","Non","Oui","Non","Oui","2021-12-03"
"11045135","Centre intégré universitaire de santé et de services sociaux de la Capitale-Nationale","CIUSSS de la Capitale-Nationale","03","Capitale-Nationale","2915, avenue du Bourg-Royal"," ","G1C3S2","23027","Québec","03133","Beauport","230","Québec","0313","RLS de Québec-Nord","1","RUISSS Université Laval","1","2","1"," ","N","",-71.2197647095,46.8566360474,"Oui","Oui","Oui","Oui","Oui","Oui","Oui","Oui","Oui","Non","Oui","Oui","Oui","2021-12-03"
"11045143","Centre intégré universitaire de santé et de services sociaux de la Mauricie-et-du-Centre-du-Québec","CIUSSS de la Mauricie-et-du-Centre-du-Québec","04","Mauricie et Centre-du-Québec","858, terrasse Turcotte"," ","G9A5C5","37067","Trois-Rivières","04151","Trois-Rivières","371","Trois-Rivières","0415","RLS de Trois-Rivières","2","RUISSS Université de Montréal","1","2","1"," ","N","",-72.5371017456,46.3427963257,"Non","Oui","Oui","Oui","Oui","Oui","Oui","Oui","Oui","Oui","Oui","Oui","Oui","2021-12-03"
"11045150","Centre intégré universitaire de santé et de services sociaux de l'Estrie – Centre hospitalier universitaire de Sherbrooke","CIUSSS de l'Estrie – CHUS","05","Estrie","375, rue Argyll"," ","J1J3H5","43027","Sherbrooke","05151","Sherbrooke","430","Sherbrooke","0515","RLS de Sherbrooke","4","RUISSS Université de Sherbrooke","1","2","1"," ","N","",-71.9150848389,45.4042434692,"Non","Oui","Oui","Oui","Oui","Non","Oui","Oui","Oui","Non","Oui","Oui","Oui","2021-12-03"
"11045168","Centre intégré universitaire de santé et de services sociaux de l'Ouest-de-l'Île-de-Montréal","CIUSSS de l'Ouest-de-l'Île-de-Montréal","06","Montréal","2400, boulevard des Sources, 2e étage"," ","H9R0E9","66097","Pointe-Claire","06111","Lac Saint-Louis","660","Montréal","0611","RLS de Pierrefonds - Lac Saint-Louis","3","RUISSS Université McGill","1","2","1"," ","N","",-73.8336715698,45.448551178,"Non","Oui","Oui","Oui","Oui","Oui","Non","Non","Non","Non","Oui","Non","Non","2021-12-03"
"11045176","Centre intégré universitaire de santé et de services sociaux du Centre-Ouest-de-l'Île-de-Montréal","CIUSSS du Centre-Ouest-de-l'Île-de-Montréal","06","Montréal","3755, chemin de la Côte-Sainte-Catherin","bureau B-119","H3T1E2","66023","Montréal","06224","Côte-des-Neiges","660","Montréal","0622","RLS de Côte-des-Neiges - Métro - Parc-Extension","3","RUISSS Université McGill","1","2","1"," ","N","",-73.6288070679,45.4978103638,"Non","Oui","Oui","Oui","Non","Non","Non","Non","Non","Non","Non","Non","Non","2021-12-03"
"11045184","Centre intégré universitaire de santé et de services sociaux du Centre-Sud-de-l'Île-de-Montréal","CIUSSS du Centre-Sud-de-l'Île-de-Montréal","06","Montréal","1560, rue Sherbrooke Est"," ","H2L4M1","66023","Montréal","06323","Montréal - Centre-Sud","660","Montréal","0632","RLS des Faubourgs - Plateau-Mont-Royal - St-Louis-du-Parc","2","RUISSS Université de Montréal","1","2","1"," ","N","",-73.5635604858,45.5253562927,"Non","Oui","Oui","Oui","Oui","Oui","Oui","Oui","Oui","Oui","Oui","Non","Oui","2021-12-03"
"11045192","Centre intégré universitaire de santé et de services sociaux du Nord-de-l'Île-de-Montréal","CIUSSS du Nord-de-l'Île-de-Montréal","06","Montréal","555, boulevard Gouin Ouest"," ","H3L1K5","66023","Montréal","06421","Ahuntsic","660","Montréal","0642","RLS d'Ahuntsic - Montréal-Nord","2","RUISSS Université de Montréal","1","2","1"," ","N","",-73.6876525879,45.5475997925,"Oui","Oui","Oui","Oui","Non","Non","Non","Non","Non","Non","Non","Non","Non","2021-12-03"
"11045200","Centre intégré universitaire de santé et de services sociaux de l'Est-de-l'Île-de-Montréal","CIUSSS de l'Est-de-l'Île-de-Montréal","06","Montréal","5415, boulevard de l'Assomption"," ","H1T2M4","66023","Montréal","06531","Rosemont","660","Montréal","0653","RLS de Hochelaga - Mercier-Ouest - Rosemont","2","RUISSS Université de Montréal","1","2","1"," ","N","",-73.5584640503,45.5742149353,"Oui","Oui","Oui","Oui","Non","Non","Non","Non","Non","Non","Non","Non","Non","2021-12-03"
"11045218","Centre intégré de santé et de services sociaux de l'Outaouais","CISSS de l'Outaouais","07","Outaouais","80, avenue Gatineau"," ","J8T4J3","81017","Gatineau","07143","Gatineau","810","Gatineau","0714","RLS de Grande-Rivière - Hull - Gatineau","3","RUISSS Université McGill","1","2","1"," ","N","",-75.7229309082,45.4801902771,"Non","Oui","Oui","Oui","Oui","Oui","Oui","Oui","Oui","Non","Oui","Non","Oui","2021-12-03"
"11045226","Centre intégré de santé et de services sociaux de l'Abitibi-Témiscamingue","CISSS de l'Abitibi-Témiscamingue","08","Abitibi-Témiscamingue","1, 9e Rue"," ","J9X2A9","86042","Rouyn-Noranda","08131","Rouyn-Noranda","860","Rouyn-Noranda","0813","RLS de Rouyn-Noranda","3","RUISSS Université McGill","1","2","1"," ","N","",-79.0210037231,48.2433586121,"Non","Oui","Oui","Oui","Oui","Oui","Oui","Oui","Oui","Non","Oui","Non","Oui","2021-12-03"
"11045234","Centre intégré de santé et de services sociaux de la Côte-Nord","CISSS de la Côte-Nord","09","Côte-Nord","835, boulevard Jolliet"," ","G5C1P5","96020","Baie-Comeau","09123","Manicouagan","960","Manicouagan","0912","RLS de la Haute-Côte-Nord  - Manicouagan","1","RUISSS Université Laval","1","2","1"," ","N","",-68.2569503784,49.1904411316,"Non","Oui","Oui","Oui","Oui","Oui","Oui","Oui","Oui","Oui","Oui","Non","Oui","2021-12-03"
"11045242","Centre intégré de santé et de services sociaux de la Gaspésie","CISSS de la Gaspésie","11","Gaspésie–Îles-de-la-Madeleine","215, boulevard de York Ouest"," ","G4X2W2","03005","Gaspé","11132","Gaspé","030","La Côte-de-Gaspé","1113","RLS de La Côte-de-Gaspé","1","RUISSS Université Laval","1","2","1"," ","N","",-64.4966506958,48.8129425049,"Non","Oui","Oui","Oui","Oui","Oui","Oui","Oui","Oui","Non","Oui","Non","Oui","2021-12-03"
"11045267","Centre intégré de santé et de services sociaux de Laval","CISSS de Laval","13","Laval","1755, boulevard René-Laennec"," ","H7M3L9","65005","Laval","13113","Pont-Viau","650","Laval","1311","RLS de Laval","2","RUISSS Université de Montréal","1","2","1"," ","N","",-73.7108230591,45.6033210754,"Non","Oui","Oui","Oui","Oui","Oui","Non","Oui","Non","Non","Oui","Non","Oui","2021-12-03"
"11045275","Centre intégré de santé et de services sociaux de Lanaudière","CISSS de Lanaudière","14","Lanaudière","260, rue Lavaltrie Sud"," ","J6E5X7","61025","Joliette","14113","Joliette","610","Joliette","1411","RLS de Lanaudière-Nord","2","RUISSS Université de Montréal","1","2","1"," ","N","",-73.4410705566,46.0181846619,"Non","Oui","Oui","Oui","Oui","Oui","Oui","Oui","Oui","Non","Oui","Non","Oui","2021-12-03"
"11045283","Centre intégré de santé et de services sociaux des Laurentides","CISSS des Laurentides","15","Laurentides","290, rue de Montigny"," ","J7Z5T3","75017","Saint-Jérôme","15161","La Rivière-du-Nord - Mirabel","750","La Rivière-du-Nord","1516","RLS de la Rivière-du-Nord - Mirabel-Nord","2","RUISSS Université de Montréal","1","2","1"," ","N","",-74.0001907349,45.7655715942,"Non","Oui","Oui","Oui","Oui","Oui","Oui","Oui","Oui","Oui","Oui","Non","Oui","2021-12-03"
"11045291","Centre intégré de santé et de services sociaux de la Montérégie-Centre","CISSS de la Montérégie-Centre","16","Montérégie","3141, boulevard Taschereau, bureau 220"," ","J4V2H2","58227","Longueuil","16111","Brossard - Saint-Lambert","580","Longueuil","1611","RLS de Champlain","2","RUISSS Université de Montréal","1","2","1"," ","N","",-73.4842071533,45.4977531433,"Non","Oui","Oui","Oui","Non","Non","Non","Non","Oui","Non","Non","Non","Non","2021-12-03"
"11045309","Centre intégré de santé et de services sociaux de la Montérégie-Est","CISSS de la Montérégie-Est","16","Montérégie","2750, boulevard Laframboise"," ","J2S4Y8","54048","Saint-Hyacinthe","16222","Les Maskoutains","540","Les Maskoutains","1622","RLS de Richelieu-Yamaska","4","RUISSS Université de Sherbrooke","1","2","1"," ","N","",-72.9594726563,45.6348342896,"Non","Oui","Oui","Oui","Oui","Non","Non","Oui","Non","Non","Oui","Non","Non","2021-12-03"
"11045317","Centre intégré de santé et de services sociaux de la Montérégie-Ouest","CISSS de la Montérégie-Ouest","16","Montérégie","200, boulevard Brisebois"," ","J6K4W8","67050","Châteauguay","16341","Châteauguay-Mercier","670","Roussillon","1634","RLS de Jardins-Roussillon","3","RUISSS Université McGill","1","2","1"," ","N","",-73.7634429932,45.3456611633,"Non","Oui","Oui","Oui","Non","Oui","Oui","Oui","Non","Oui","Non","Non","Oui","2021-12-03"
"11045333","Centre intégré de santé et de services sociaux de Chaudière-Appalaches","CISSS de Chaudière-Appalaches","12","Chaudière-Appalaches","363, route Cameron"," ","G6E3E2","26030","Sainte-Marie","12115","La Nouvelle-Beauce","260","La Nouvelle-Beauce","1211","RLS Alphonse-Desjardins","1","RUISSS Université Laval","1","2","1"," ","N","",-71.0452041626,46.4648017883,"Non","Oui","Oui","Oui","Oui","Oui","Oui","Oui","Oui","Non","Oui","Non","Oui","2021-12-03"
"11045341","Centre d'hébergement et de soins de longue durée Waldorf S.E.C.","CHSLD Waldorf S.E.C.","06","Montréal","7400, chemin de la Côte-Saint-luc","2e etage, tour 2","H4W3J4","66058","Côte-Saint-Luc","06211","Côte-Saint-Luc","660","Montréal","0621","RLS de Côte-Saint-Luc - NDG - Montréal-Ouest","3","RUISSS Université McGill","2","0","4"," ","N","",-73.6583023071,45.4606971741,"Non","Non","Oui","Non","Non","Non","Non","Non","Non","Non","Non","Non","Non","2021-12-03"
"11045358","Centre d'hébergement et de soins de longue durée de la Villa-de-Val-des-Arbres Inc.","CHSLD de la Villa-de-Val-des-Arbres inc.","13","Laval","3245, boulevard Saint-Martin Est"," ","H7E4T6","65005","Laval","13112","Duvernay","650","Laval","1311","RLS de Laval","2","RUISSS Université de Montréal","2","1","8"," ","N","",-73.6773605347,45.6056098938,"Non","Non","Oui","Non","Non","Non","Non","Non","Non","Non","Non","Non","Non","2021-12-03"
"11045382","Centre d'hébergement et de soins de longue durée au Cœur-de-la-Vie inc.","CHSLD au Cœur-de-la-Vie inc.","15","Laurentides","325, rue Barrette, 1er étage"," ","J7Y0J8","75017","Saint-Jérôme","15161","La Rivière-du-Nord - Mirabel","750","La Rivière-du-Nord","1516","RLS de la Rivière-du-Nord - Mirabel-Nord","2","RUISSS Université de Montréal","2","1","4"," ","N","",-74.0143737793,45.7774887085,"Non","Non","Oui","Non","Non","Non","Non","Non","Non","Non","Non","Non","Non","2021-12-03"
"11045390","Centre d'hébergement et de soins de longue durée Louise-Faubert Inc.","CHSLD Louise-Faubert Inc.","14","Lanaudière","751, rue Marcel-De La Sablonnière"," ","J6Y0M4","64008","Terrebonne","14121","Les Moulins","640","Les Moulins","1412","RLS de Lanaudière-Sud","2","RUISSS Université de Montréal","2","1","4"," ","N","",-73.7286453247,45.6871833801,"Non","Non","Oui","Non","Non","Non","Non","Non","Non","Non","Non","Non","Non","2021-12-03"
"11053139","Centre d'hébergement et de soins de longue durée Marguerite-Rocheleau inc.","CHSLD Marguerite-Rocheleau inc.","14","Lanaudière","751, rue Marcel-De La Sablonnière"," ","J6Y0M4","64008","Terrebonne","14121","Les Moulins","640","Les Moulins","1412","RLS de Lanaudière-Sud","2","RUISSS Université de Montréal","2","2","8"," ","N","",-73.7286453247,45.6871833801,"Non","Non","Oui","Non","Non","Non","Non","Non","Non","Non","Non","Non","Non","2021-12-03"
"11053147","Centre d'hébergement et de soins de longue durée Michèle-Bohec inc.","CHSLD Michèle-Bohec inc.","14","Lanaudière","751, rue Marcel-De La Sablonnière"," ","J6Y0M4","64008","Terrebonne","14121","Les Moulins","640","Les Moulins","1412","RLS de Lanaudière-Sud","2","RUISSS Université de Montréal","2","2","8"," ","N","",-73.7286453247,45.6871833801,"Non","Non","Oui","Non","Non","Non","Non","Non","Non","Non","Non","Non","Non","2021-12-03"
"11053436","Centre d'hébergement et de soins de longue durée L.-B.-Desjardins Inc.","CHSLD L.-B.-Desjardins Inc.","15","Laurentides","55, avenue Hochar"," ","J0R1R6","77043","Saint-Sauveur","15131","Les Pays-d'en-Haut","770","Les Pays-d'en-Haut","1513","RLS des Pays-d'en-Haut","2","RUISSS Université de Montréal","2","2","8"," ","N","",-74.1569900513,45.8891906738,"Non","Non","Oui","Non","Non","Non","Non","Non","Non","Non","Non","Non","Non","2021-12-03"
"11053444","Centre d'hébergement et de soins de longue durée des Patriotes Inc.","CHSLD des Patriotes Inc.","13","Laval","3245, boulevard Saint-Martin Est"," ","H7E4T6","65005","Laval","13112","Duvernay","650","Laval","1311","RLS de Laval","2","RUISSS Université de Montréal","2","1","4"," ","N","",-73.6773605347,45.6056098938,"Non","Non","Oui","Non","Non","Non","Non","Non","Non","Non","Non","Non","Non","2021-12-03"
"11054020","Centre d'hébergement et de soins de longue durée des Îles-de-la-Madeleine inc.","Centre d'hébergement et de soins de longue durée des Îl","11","Gaspésie–Îles-de-la-Madeleine","596, chemin Principal"," ","G4T1G1","01023","Les Îles-de-la-Madeleine","11211","Îles-de-la-Madeleine","010","Communauté maritime des Îles-de-la-Madeleine","1121","RLS des Îles-de-la-Madeleine","1","RUISSS Université Laval","2","7","4"," ","N","",-61.8730888367,47.3731307983,"Non","Non","Oui","Non","Non","Non","Non","Non","Non","Non","Non","Non","Non","2021-12-03"
"11045010","Centre d'hébergement et de soins de longue durée de Laval S.E.C.","CHSLD de Laval S.E.C.","13","Laval","2805, boulevard Chomedey"," ","H7P0C2","65005","Laval","13111","Sainte-Rose-de-Laval","650","Laval","1311","RLS de Laval","2","RUISSS Université de Montréal","2","0","4"," ","N","",-73.7665557861,45.5708618164,"Non","Non","Oui","Non","Non","Non","Non","Non","Non","Non","Non","Non","Non","2021-12-03"
"11045028","Centre d'hébergement et de soins de longue durée de Granby S.E.C.","CHSLD de Granby S.E.C.","05","Estrie","80, rue Godue"," ","J2J2Z7","47017","Granby","05121","Granby-Shefford-Bromont","470","La Haute-Yamaska","0512","RLS de la Haute-Yamaska","4","RUISSS Université de Sherbrooke","2","0","4"," ","N","",-72.7621536255,45.4074707031,"Non","Non","Oui","Non","Non","Non","Non","Non","Non","Non","Non","Non","Non","2021-12-03"
"11084464","Centre de soins prolongés Grace Dart","Centre de soins prolongés Grace Dart","06","Montréal","5155, rue Sainte-Catherine Est"," ","H1V2A5","66023","Montréal","06533","Hochelaga-Maisonneuve","660","Montréal","0653","RLS de Hochelaga - Mercier-Ouest - Rosemont","2","RUISSS Université de Montréal","1","6","1"," ","N","2007-04-04",-73.5289077759,45.5594596863,"Non","Non","Oui","Non","Non","Non","Non","Non","Non","Non","Non","Non","Non","2021-12-03"
"11097029","Hôpital juif de réadaptation","Hôpital juif de réadaptation","13","Laval","3205, place Alton-Goldbloom"," ","H7V1R2","65005","Laval","13114","Chomedey","650","Laval","1311","RLS de Laval","2","RUISSS Université de Montréal","1","6","1"," ","N","2007-04-03",-73.7376403809,45.5487289429,"Non","Oui","Non","Non","Non","Non","Non","Non","Non","Non","Non","Non","Non","2021-12-03"
"11168606","Centre de réadaptation Lethbridge-Layton-Mackay","Centre de réadaptation Lethbridge-Layton-Mackay","06","Montréal","7005, boulevard De Maisonneuve Ouest"," ","H4B1T3","66023","Montréal","06212","Notre-Dame-de-Grâce - Montréal-Ouest","660","Montréal","0621","RLS de Côte-Saint-Luc - NDG - Montréal-Ouest","3","RUISSS Université McGill","1","4","1","6","N","2007-04-04",-73.6341323853,45.4583435059,"Non","Non","Non","Non","Non","Non","Oui","Oui","Oui","Non","Non","Non","Non","2021-12-03"
"11755501","CHSLD Providence Notre-Dame de Lourdes inc.","CHSLD Providence Notre-Dame de Lourdes inc.","06","Montréal","1870, boulevard Pie-IX"," ","H1V2C6","66023","Montréal","06533","Hochelaga-Maisonneuve","660","Montréal","0653","RLS de Hochelaga - Mercier-Ouest - Rosemont","2","RUISSS Université de Montréal","2","1","2"," ","N","2010-02-24",-73.5406951904,45.549785614,"Non","Non","Oui","Non","Non","Non","Non","Non","Non","Non","Non","Non","Non","2021-12-03"
"12114922","Atelier le fil d'Ariane Inc.","Atelier le fil d'Ariane Inc.","06","Montréal","4837, rue Boyer, app. 100"," ","H2J3E6","66023","Montréal","06322","Plateau-Mont-Royal","660","Montréal","0632","RLS des Faubourgs - Plateau-Mont-Royal - St-Louis-du-Parc","2","RUISSS Université de Montréal","2","4","1"," ","N","2010-02-24",-73.5838394165,45.5294494629,"Non","Non","Non","Non","Non","Oui","Non","Non","Non","Non","Non","Non","Non","2021-12-03"
"12326849","Résidence Angelica","Résidence Angelica","06","Montréal","3435, boulevard Gouin Est"," ","H1H1B1","66023","Montréal","06422","Montréal-Nord","660","Montréal","0642","RLS d'Ahuntsic - Montréal-Nord","2","RUISSS Université de Montréal","2","1","2"," ","N","2010-02-24",-73.6513366699,45.5899391174,"Non","Non","Oui","Non","Non","Non","Non","Non","Non","Non","Non","Non","Non","2021-12-03"
"12363412","Centre de santé et de services sociaux du Haut-Saint-Laurent","CSSS du Haut-Saint-Laurent","16","Montérégie","28, rue Gale"," ","J0S1K0","69037","Ormstown","16331","Haut-Saint-Laurent","690","Le Haut-Saint-Laurent","1633","RLS du Haut-Saint-Laurent","3","RUISSS Université McGill","1","4","1"," ","O","2007-04-10",-73.9998703003,45.1263427734,"Non","Oui","Oui","Oui","Non","Non","Non","Non","Non","Non","Non","Non","Non","2021-12-03"
"12366043","CHSLD Bayview Inc.","CHSLD Bayview Inc.","06","Montréal","27, chemin Lakeshore"," ","H9S4H1","66097","Pointe-Claire","06111","Lac Saint-Louis","660","Montréal","0611","RLS de Pierrefonds - Lac Saint-Louis","3","RUISSS Université McGill","2","1","2"," ","N","2010-02-24",-73.786567688,45.4486465454,"Non","Non","Oui","Non","Non","Non","Non","Non","Non","Non","Non","Non","Non","2021-12-03"
"12383907","Résidence Berthiaume-Du Tremblay","Résidence Berthiaume-Du Tremblay","06","Montréal","1635, boulevard Gouin Est"," ","H2C1C2","66023","Montréal","06421","Ahuntsic","660","Montréal","0642","RLS d'Ahuntsic - Montréal-Nord","2","RUISSS Université de Montréal","2","1","2"," ","N","2010-02-24",-73.6630554199,45.5674171448,"Non","Non","Oui","Non","Non","Non","Non","Non","Non","Non","Non","Non","Non","2021-12-03"
"12399820","La corporation Notre-Dame de Bon-Secours","La corporation Notre-Dame de Bon-Secours","03","Capitale-Nationale","990, rue Gérard-Morisset"," ","G1S1X6","23027","Québec","03124","Québec - Haute-Ville","230","Québec","0312","RLS de Québec-Sud","1","RUISSS Université Laval","2","4","6"," ","N","2010-02-24",-71.2566070557,46.788066864,"Non","Non","Oui","Non","Non","Non","Non","Non","Non","Non","Non","Non","Non","2021-12-03"
"12409991","Hôpital Jeffery Hale - Saint Brigid's","Hôpital Jeffery Hale - Saint Brigid's","03","Capitale-Nationale","1250, chemin Sainte-Foy"," ","G1S2M6","23027","Québec","03124","Québec - Haute-Ville","230","Québec","0312","RLS de Québec-Sud","1","RUISSS Université Laval","1","4","1"," ","N","2007-04-10",-71.2530822754,46.7966499329,"Non","Oui","Oui","Non","Non","Non","Non","Non","Non","Non","Non","Non","Non","2021-12-03"
"12420774","Hôpital Santa Cabrini","Hôpital Santa Cabrini","06","Montréal","5655, rue Saint-Zotique Est"," ","H1T1P7","66023","Montréal","06531","Rosemont","660","Montréal","0653","RLS de Hochelaga - Mercier-Ouest - Rosemont","2","RUISSS Université de Montréal","1","4","1"," ","N","2007-04-03",-73.5717163086,45.5801391602,"Non","Oui","Oui","Non","Non","Non","Non","Non","Non","Non","Non","Non","Non","2021-12-03"
"12431656","Institut de Cardiologie de Montréal","ICM","06","Montréal","5000, rue Bélanger"," ","H1T1C8","66023","Montréal","06531","Rosemont","660","Montréal","0653","RLS de Hochelaga - Mercier-Ouest - Rosemont","2","RUISSS Université de Montréal","1","4","1","2","N","",-73.5778198242,45.573764801,"Non","Oui","Non","Non","Non","Non","Non","Non","Non","Non","Non","Non","Non","2021-12-03"
"12452645","Hôpital Marie-Clarac des Soeurs de Charité de Ste-Marie (1995) Inc.","Hôp. Marie-Clarac des Soeurs de Charité de Ste-Marie","06","Montréal","3530, boulevard Gouin Est"," ","H1H1B7","66023","Montréal","06422","Montréal-Nord","660","Montréal","0642","RLS d'Ahuntsic - Montréal-Nord","2","RUISSS Université de Montréal","2","1","2"," ","N","2010-02-24",-73.6497421265,45.5908355713,"Non","Oui","Non","Non","Non","Non","Non","Non","Non","Non","Non","Non","Non","2021-12-03"
"12453676","Clinique communautaire de Pointe St-Charles","Clinique communautaire de Pointe St-Charles","06","Montréal","500, avenue Ash"," ","H3K2R4","66023","Montréal","06314","Pointe-Saint-Charles","660","Montréal","0631","RLS de Verdun - Côte St-Paul - St-Henri - Pointe-St-Charles","2","RUISSS Université de Montréal","2","4","2"," ","N","2010-02-24",-73.556892395,45.4783477783,"Non","Non","Non","Oui","Non","Non","Non","Non","Non","Non","Non","Non","Non","2021-12-03"
"12536637","Centre de réadaptation en déficience intellectuelle et en troubles envahissants du développement de l'Estrie","CRDITED de l'Estrie","05","Estrie","1621, rue Prospect"," ","J1J1K4","43027","Sherbrooke","05151","Sherbrooke","430","Sherbrooke","0515","RLS de Sherbrooke","4","RUISSS Université de Sherbrooke","1","4","1"," ","N","2007-04-02",-71.9151916504,45.4101142883,"Non","Non","Non","Non","Non","Oui","Non","Non","Non","Non","Non","Non","Non","2021-12-03"
"12562179","Maison Elizabeth","Maison Elizabeth","06","Montréal","2131, avenue de Marlowe"," ","H4A3L4","66023","Montréal","06212","Notre-Dame-de-Grâce - Montréal-Ouest","660","Montréal","0621","RLS de Côte-Saint-Luc - NDG - Montréal-Ouest","3","RUISSS Université McGill","2","4","1"," ","N","2010-02-24",-73.606880188,45.4752159119,"Non","Non","Non","Non","Non","Non","Non","Non","Non","Non","Non","Oui","Non","2021-12-03"
"12582292","Centre Miriam","Centre Miriam","06","Montréal","8160, chemin Royden"," ","H4P2T2","66072","Mont-Royal","06222","Mont-Royal","660","Montréal","0622","RLS de Côte-des-Neiges - Métro - Parc-Extension","3","RUISSS Université McGill","1","4","1"," ","N","2007-04-04",-73.6618652344,45.4963607788,"Non","Non","Non","Non","Non","Oui","Non","Non","Non","Non","Non","Non","Non","2021-12-03"
"12599213","Centre universitaire de santé McGill","CUSM","06","Montréal","1001, boulevard Décarie"," ","H4A3J1","66023","Montréal","06212","Notre-Dame-de-Grâce - Montréal-Ouest","660","Montréal","0621","RLS de Côte-Saint-Luc - NDG - Montréal-Ouest","3","RUISSS Université McGill","1","2","1","1","N","2007-04-04",-73.5890350342,45.4970474243,"Non","Oui","Oui","Non","Non","Non","Non","Non","Non","Non","Non","Non","Non","2021-12-03"
"12652384","Havre-Jeunesse","Havre-Jeunesse","06","Montréal","4360, boulevard Lasalle"," ","H4G2A8","66023","Montréal","06313","Verdun","660","Montréal","0631","RLS de Verdun - Côte St-Paul - St-Henri - Pointe-St-Charles","2","RUISSS Université de Montréal","2","4","1"," ","N","2010-02-24",-73.5627212524,45.4601860046,"Non","Non","Non","Non","Non","Non","Non","Non","Non","Non","Oui","Non","Non","2021-12-03"
"12653192","Centre d'hébergement et de soins de longue durée Heather Inc.","CHSLD Heather Inc.","14","Lanaudière","3931, Lakeshore Drive"," ","J0K1S0","62037","Rawdon","14111","Matawinie","620","Matawinie","1411","RLS de Lanaudière-Nord","2","RUISSS Université de Montréal","2","1","2"," ","N","2010-02-24",-73.7022247314,46.0508613586,"Non","Non","Oui","Non","Non","Non","Non","Non","Non","Non","Non","Non","Non","2021-12-03"
"12685608","L'Hôpital général juif Sir Mortimer B. Davis","L'Hôpital général juif Sir Mortimer B. Davis","06","Montréal","3755, chemin de la Côte-Sainte-Catherin"," ","H3T1E2","66023","Montréal","06224","Côte-des-Neiges","660","Montréal","0622","RLS de Côte-des-Neiges - Métro - Parc-Extension","3","RUISSS Université McGill","1","6","1","4","N","2007-05-07",-73.6288070679,45.4978103638,"Non","Oui","Oui","Non","Non","Non","Non","Non","Non","Non","Non","Non","Non","2021-12-03"
"12694659","Centre hospitalier universitaire Sainte-Justine","CHU Sainte-Justine","06","Montréal","3175, chemin de la Côte-Sainte-Catherin"," ","H3T1C5","66023","Montréal","06224","Côte-des-Neiges","660","Montréal","0622","RLS de Côte-des-Neiges - Métro - Parc-Extension","3","RUISSS Université McGill","1","6","1","1","N","",-73.6249465942,45.5031547546,"Non","Oui","Oui","Non","Non","Non","Non","Oui","Non","Non","Non","Non","Non","2021-12-03"
"12704573","La résidence de Lachute","La résidence de Lachute","15","Laurentides","377, rue Principale"," ","J8H1Y1","76020","Lachute","15141","Argenteuil","760","Argenteuil","1514","RLS d'Argenteuil","2","RUISSS Université de Montréal","1","4","1"," ","N","2007-04-04",-74.339263916,45.6566467285,"Non","Non","Oui","Non","Non","Non","Non","Non","Non","Non","Non","Non","Non","2021-12-03"
"12730628","Centre de santé Tulattavik de l'Ungava","Centre de santé Tulattavik de l'Ungava","17","Nunavik","Kuujjuaq","case postale 149","J0M1C0","99095","Kuujjuaq","17012","Ungava","992","Administration régionale Kativik"," "," ","3","RUISSS Université McGill","1","2","1"," ","N","2010-05-03",-68.4052734375,58.1070480347,"Non","Oui","Oui","Oui","Oui","Non","Non","Non","Non","Non","Oui","Non","Non","2021-12-03"
"12745725","Centre hospitalier de St. Mary","Centre hospitalier de St. Mary","06","Montréal","3830, avenue Lacombe"," ","H3T1M5","66023","Montréal","06224","Côte-des-Neiges","660","Montréal","0622","RLS de Côte-des-Neiges - Métro - Parc-Extension","3","RUISSS Université McGill","1","6","1","4","N","2007-04-04",-73.6241378784,45.4949417114,"Non","Oui","Oui","Non","Non","Non","Non","Non","Non","Non","Non","Non","Non","2021-12-03"
"12797577","Institut national de psychiatrie légale Philippe-Pinel","Institut national de psychiatrie légale Philippe-Pinel","06","Montréal","10905, boulevard Henri-Bourassa Est"," ","H1C1H1","66023","Montréal","06521","Rivière-des-Prairies","660","Montréal","0652","RLS de Rivière-des-Prairies - Anjou - Montréal-Est","2","RUISSS Université de Montréal","1","4","1"," ","N","",-73.5336151123,45.6560554504,"Oui","Non","Non","Non","Non","Non","Non","Non","Non","Non","Non","Non","Non","2021-12-03"
"12825188","Résidence Riviera Inc.","Résidence Riviera Inc.","13","Laval","2999, boulevard Notre-Dame"," ","H7V4C4","65005","Laval","13114","Chomedey","650","Laval","1311","RLS de Laval","2","RUISSS Université de Montréal","2","3","2"," ","N","2010-02-24",-73.7343673706,45.5486755371,"Non","Non","Oui","Non","Non","Non","Non","Non","Non","Non","Non","Non","Non","2021-12-03"
"12892303","L'Hôpital chinois de Montréal (1963)","L'Hôpital chinois de Montréal (1963)","06","Montréal","189, avenue Viger Est"," ","H2X3Y9","66023","Montréal","06324","Montréal - Centre-Ville","660","Montréal","0632","RLS des Faubourgs - Plateau-Mont-Royal - St-Louis-du-Parc","2","RUISSS Université de Montréal","1","4","1"," ","N","2007-05-04",-73.5581207275,45.5095558167,"Non","Non","Oui","Non","Non","Non","Non","Non","Non","Non","Non","Non","Non","2021-12-03"
"12979662","Pavillon Ste-Marie Inc.","Pavillon Ste-Marie Inc.","15","Laurentides","45, rue du Pavillon"," ","J7Y3R6","75017","Saint-Jérôme","15161","La Rivière-du-Nord - Mirabel","750","La Rivière-du-Nord","1516","RLS de la Rivière-du-Nord - Mirabel-Nord","2","RUISSS Université de Montréal","2","1","2"," ","N","2010-02-24",-74.0083770752,45.8080062866,"Non","Non","Non","Non","Non","Oui","Non","Non","Non","Non","Non","Non","Non","2021-12-03"
"13000732","Les cèdres - Centre d'accueil pour personnes agées","Les cèdres - Centre d'accueil pour personnes agees","06","Montréal","1275, boulevard de la Côte-Vertu","suite 200","H4L4V2","66023","Montréal","06412","Saint-Laurent","660","Montréal","0641","RLS du Nord de l'Île - Saint-Laurent","2","RUISSS Université de Montréal","2","4","2"," ","N","2010-02-24",-73.6799240112,45.5170021057,"Non","Non","Oui","Non","Non","Non","Non","Non","Non","Non","Non","Non","Non","2021-12-03"
"13027073","Centre d'hébergement du Boisé Ltée","Centre d'hébergement du Boisé Ltée","03","Capitale-Nationale","3690, boulevard Neilson"," ","G1W0A9","23027","Québec","03123","Sainte-Foy - Sillery","230","Québec","0312","RLS de Québec-Sud","1","RUISSS Université Laval","2","1","2"," ","N","2010-02-23",-71.321395874,46.754032135,"Non","Non","Oui","Non","Non","Non","Non","Non","Non","Non","Non","Non","Non","2021-12-03"
"13146477","La corporation du Centre hospitalier gériatrique Maimonides","La corporation du Centre hosp. gériatrique Maimonides","06","Montréal","5795, avenue Caldwell"," ","H4W1W3","66058","Côte-Saint-Luc","06211","Côte-Saint-Luc","660","Montréal","0621","RLS de Côte-Saint-Luc - NDG - Montréal-Ouest","3","RUISSS Université McGill","1","4","1"," ","N","2007-04-03",-73.6684265137,45.4715499878,"Non","Non","Oui","Non","Non","Non","Non","Non","Non","Non","Non","Non","Non","2021-12-03"
"13317037","Pavillon Bellevue Inc.","Pavillon Bellevue Inc.","12","Chaudière-Appalaches","99, rue Monseigneur-Bourget"," ","G6V9V2","25213","Lévis","12113","Desjardins","251","Lévis","1211","RLS Alphonse-Desjardins","1","RUISSS Université Laval","2","3","2"," ","N","2010-02-24",-71.1567382813,46.819103241,"Non","Non","Oui","Non","Non","Non","Non","Non","Non","Non","Non","Non","Non","2021-12-03"
"13388905","Centre métropolitain de chirurgie plastique Inc.","Centre métropolitain de chirurgie plastique Inc.","06","Montréal","999, rue de Salaberry"," ","H3L1L2","66023","Montréal","06421","Ahuntsic","660","Montréal","0642","RLS d'Ahuntsic - Montréal-Nord","2","RUISSS Université de Montréal","2","3","4"," ","N","2010-02-24",-73.6929397583,45.5454483032,"Non","Oui","Non","Non","Non","Non","Non","Non","Non","Non","Non","Non","Non","2021-12-03"
"13469796","Hôpital Mont-Sinai","Hôpital Mont-Sinai","06","Montréal","5690, boulevard Cavendish"," ","H4W1S7","66058","Côte-Saint-Luc","06211","Côte-Saint-Luc","660","Montréal","0621","RLS de Côte-Saint-Luc - NDG - Montréal-Ouest","3","RUISSS Université McGill","1","6","1"," ","N","2007-04-03",-73.6573410034,45.4738426208,"Non","Oui","Oui","Non","Non","Non","Non","Non","Non","Non","Non","Non","Non","2021-12-03"
"13506472","Hôpital Shriners pour enfants (Québec) Inc.","Hôpital Shriners pour enfants (Québec) Inc.","06","Montréal","1003, boulevard Décarie"," ","H4A0A9","66023","Montréal","06212","Notre-Dame-de-Grâce - Montréal-Ouest","660","Montréal","0621","RLS de Côte-Saint-Luc - NDG - Montréal-Ouest","3","RUISSS Université McGill","2","3","2"," ","N","2010-02-24",-73.6019973755,45.4717750549,"Non","Oui","Non","Non","Non","Non","Non","Non","Non","Non","Non","Non","Non","2021-12-03"
"13578448","Accueil du Rivage Inc.","Accueil du Rivage Inc.","16","Montérégie","1008, rue du Rivage","case postale 60","J0L1R0","57075","Saint-Antoine-sur-Richelieu","16221","Saint-Bruno - Beloeil - Saint-Hilaire","570","La Vallée-du-Richelieu","1622","RLS de Richelieu-Yamaska","4","RUISSS Université de Sherbrooke","2","1","2"," ","N","2010-02-24",-73.1733551025,45.7780685425,"Non","Non","Oui","Non","Non","Non","Non","Non","Non","Non","Non","Non","Non","2021-12-03"
"13623616","Institut universitaire de cardiologie et de pneumologie de Québec – Université Laval","IUCPQ – UL","03","Capitale-Nationale","2725, chemin Sainte-Foy"," ","G1V4G5","23027","Québec","03123","Sainte-Foy - Sillery","230","Québec","0312","RLS de Québec-Sud","1","RUISSS Université Laval","1","2","1","2","N","",-71.2976608276,46.7790908813,"Non","Oui","Non","Non","Non","Non","Non","Non","Non","Non","Non","Non","Non","2021-12-03"
"13625587","Manoir St-Patrice inc.","Manoir St-Patrice inc.","13","Laval","3615, boulevard Perron"," ","H7V1P4","65005","Laval","13114","Chomedey","650","Laval","1311","RLS de Laval","2","RUISSS Université de Montréal","2","3","2"," ","N","2010-02-24",-73.7410354614,45.5418167114,"Non","Non","Oui","Non","Non","Non","Non","Non","Non","Non","Non","Non","Non","2021-12-03"
"13727060","Institut universitaire en santé mentale Douglas","Institut universitaire en santé mentale Douglas","06","Montréal","6875, boulevard Lasalle"," ","H4H1R3","66023","Montréal","06313","Verdun","660","Montréal","0631","RLS de Verdun - Côte St-Paul - St-Henri - Pointe-St-Charles","2","RUISSS Université de Montréal","1","6","1","2","N","2007-04-03",-73.5843582153,45.4421348572,"Oui","Non","Non","Non","Non","Non","Non","Non","Non","Non","Non","Non","Non","2021-12-03"
"13793781","CHSLD Juif de Montréal","CHSLD Juif de Montréal","06","Montréal","5725, avenue Victoria"," ","H3W3H6","66023","Montréal","06223","Snowdon","660","Montréal","0622","RLS de Côte-des-Neiges - Métro - Parc-Extension","3","RUISSS Université McGill","1","6","1"," ","N","2007-04-04",-73.6337585449,45.4929847717,"Non","Non","Oui","Non","Non","Non","Non","Non","Non","Non","Non","Non","Non","2021-12-03"
"13818596","Centre de santé et de services sociaux - Institut universitaire de gériatrie de Sherbrooke","CSSS- Institut universitaire de gériatrie de Sherbrooke","05","Estrie","1036, rue Belvédère Sud"," ","J1H4C4","43027","Sherbrooke","05151","Sherbrooke","430","Sherbrooke","0515","RLS de Sherbrooke","4","RUISSS Université de Sherbrooke","1","2","1","9","O","2007-04-02",-71.8951034546,45.3906669617,"Non","Oui","Oui","Oui","Non","Non","Non","Non","Non","Non","Non","Non","Non","2021-12-03"
"15103658","Centre d'accueil Le Programme de Portage Inc.","Centre d'accueil Le Programme de Portage inc.","06","Montréal","865, place Richmond"," ","H3J1V8","66023","Montréal","06311","Saint-Henri","660","Montréal","0631","RLS de Verdun - Côte St-Paul - St-Henri - Pointe-St-Charles","2","RUISSS Université de Montréal","2","1","6"," ","N","2010-02-24",-73.5725097656,45.4918365479,"Non","Non","Non","Non","Non","Non","Non","Non","Non","Non","Non","Non","Oui","2021-12-03"
"16258899","Conseil cri de la santé et des services sociaux de la Baie James","CCSSS de la Baie James","18","Terres-Cries-de-la-Baie-James","Case postale 250"," ","J0M1E0","99814","Chisasibi","18011","Territoire Cri","993","Eeyou Istchee"," "," ","3","RUISSS Université McGill","1","2","1"," ","N","2010-05-03",-78.8957366943,53.7826538086,"Non","Oui","Oui","Oui","Oui","Non","Non","Non","Non","Non","Oui","Non","Non","2021-12-03"
"16322059","La Maison Michel Sarrazin","La Maison Michel Sarrazin","03","Capitale-Nationale","2101, chemin Saint-Louis"," ","G1T1P5","23027","Québec","03123","Sainte-Foy - Sillery","230","Québec","0312","RLS de Québec-Sud","1","RUISSS Université Laval","2","4","6"," ","N","2010-02-24",-71.2515945435,46.7734794617,"Non","Oui","Non","Non","Non","Non","Non","Non","Non","Non","Non","Non","Non","2021-12-03"
"16419616","Villa Belle Rive Inc.","Villa Belle Rive Inc.","06","Montréal","5320, boulevard Gouin Est"," ","H1G1B4","66023","Montréal","06422","Montréal-Nord","660","Montréal","0642","RLS d'Ahuntsic - Montréal-Nord","2","RUISSS Université de Montréal","2","1","4"," ","N","2010-02-24",-73.6356506348,45.6135787964,"Non","Non","Oui","Non","Non","Non","Non","Non","Non","Non","Non","Non","Non","2021-12-03"
"16802498","Bande Indienne des Montagnais de Sept-Iles et Maliotenam","Bande Ind. des Montagnais de Sept-Iles et Maliotenam","09","Côte-Nord","1089, avenue de Quen","case postale 8000","G4R4L9","97802","Uashat","09141","Sept-Îles","971","Sept-Rivières","0914","RLS de Sept-Îles","1","RUISSS Université Laval","2","0","4"," ","N","2010-02-24",-66.4036636353,50.2211761475,"Non","Non","Non","Non","Non","Oui","Non","Oui","Non","Non","Oui","Non","Non","2021-12-03"
"16802522","Conseil de la Nation Huronne Wendat","Conseil de la Nation Huronne Wendat","03","Capitale-Nationale","255, place Chef Michel Laveau"," ","G0A4V0","23802","Wendake","03131","Loretteville - Val-Bélair","230","Québec","0313","RLS de Québec-Nord","1","RUISSS Université Laval","2","0","4"," ","N","2010-02-24",-71.3571166992,46.8625564575,"Non","Non","Oui","Non","Non","Non","Non","Non","Non","Non","Non","Non","Non","2021-12-03"
"16802621","Pekuakamiulnuatsh Takuhikan","Pekuakamiulnuatsh Takuhikan","02","Saguenay–Lac-Saint-Jean","1671, rue Ouiatchouan"," ","G0W2H0","91802","Mashteuiatsh","02111","Domaine-du-Roy","910","Le Domaine-du-Roy","0211","RLS du Domaine-du-Roy","1","RUISSS Université Laval","2","0","4"," ","N","2010-02-23",-72.2292785645,48.5763092041,"Non","Non","Oui","Non","Non","Non","Non","Non","Non","Non","Non","Non","Non","2021-12-03"
"16802704","Conseil des Mohawks de Kahnawake","Conseil des Mohawks de Kahnawake","16","Montérégie","Case postale 720"," ","J0L1B0","67802","Kahnawake","16341","Châteauguay-Mercier","670","Roussillon","1634","RLS de Jardins-Roussillon","3","RUISSS Université McGill","2","0","6"," ","N","2010-02-24",-73.6763534546,45.4138755798,"Non","Oui","Oui","Non","Non","Non","Non","Non","Non","Non","Non","Non","Non","2021-12-03"
"17524224","88980 Canada Inc.","88980 Canada Inc.","06","Montréal","34, avenue Woodland"," ","H9W4V9","66107","Beaconsfield","06111","Lac Saint-Louis","660","Montréal","0611","RLS de Pierrefonds - Lac Saint-Louis","3","RUISSS Université McGill","2","6","4"," ","N","2010-02-24",-73.8835525513,45.4189491272,"Non","Non","Oui","Non","Non","Non","Non","Non","Non","Non","Non","Non","Non","2021-12-03"
"18456327","Centre de santé Inuulitsivik - Inuulitsivik Healthcenter","Centre de santé Inuulitsivik","17","Nunavik","Chemin Baie d'Hudson"," ","J0M1P0","99120","Puvirnituq","17011","Baie D'Hudson","992","Administration régionale Kativik"," "," ","3","RUISSS Université McGill","1","2","1"," ","N","2010-05-03",-77.2757949829,60.037651062,"Non","Oui","Oui","Oui","Oui","Non","Non","Non","Non","Non","Oui","Non","Non","2021-12-03"
"21491527","Chateau Westmount Inc.","Chateau Westmount Inc.","06","Montréal","4860, boulevard De Maisonneuve Ouest"," ","H3Z3G2","66032","Westmount","06225","Métro","660","Montréal","0622","RLS de Côte-des-Neiges - Métro - Parc-Extension","3","RUISSS Université McGill","2","1","8"," ","N","2010-02-24",-73.6001586914,45.4771652222,"Non","Non","Oui","Non","Non","Non","Non","Non","Non","Non","Non","Non","Non","2021-12-03"
"23182884","Centre d'hébergement St-Francois Inc.","Centre d'hébergement St-Francois Inc.","02","Saguenay–Lac-Saint-Jean","912, rue Jacques-Cartier Est"," ","G7H2A9","94068","Saguenay","02151","Saguenay","941","Saguenay","0215","RLS de Chicoutimi","1","RUISSS Université Laval","2","1","2"," ","N","2010-02-23",-71.0394973755,48.4230995178,"Non","Non","Oui","Non","Non","Non","Non","Non","Non","Non","Non","Non","Non","2021-12-03"
"23237407","Placements M.G.O. Inc.","Placements M.G.O. Inc.","13","Laval","5855, rue Boulard"," ","H7B1A3","65005","Laval","13112","Duvernay","650","Laval","1311","RLS de Laval","2","RUISSS Université de Montréal","2","1","8"," ","N","2010-02-24",-73.6474456787,45.6865501404,"Non","Non","Oui","Non","Non","Non","Non","Non","Non","Non","Non","Non","Non","2021-12-03"
"24266926","Manoir Soleil Inc.","Manoir Soleil Inc.","16","Montérégie","125, rue Daigneault"," ","J3L1G7","57005","Chambly","16121","Chambly-Carignan-Marieville","570","La Vallée-du-Richelieu","1612","RLS du Haut-Richelieu - Rouville","4","RUISSS Université de Sherbrooke","2","1","4"," ","N","2010-02-24",-73.2959899902,45.4613571167,"Non","Non","Oui","Non","Non","Non","Non","Non","Non","Non","Non","Non","Non","2021-12-03"
"24470528","Conseil Mohawk d'Akwesasne","Conseil Mohawk d'Akwesasne","16","Montérégie","95, Snye School road"," ","H0M1A1","69802","Akwesasne","16331","Haut-Saint-Laurent","690","Le Haut-Saint-Laurent","1633","RLS du Haut-Saint-Laurent","3","RUISSS Université McGill","2","0","4"," ","N","2010-02-24",-74.6025085449,45.0087394714,"Non","Non","Oui","Non","Non","Non","Non","Non","Non","Non","Non","Non","Non","2021-12-03"
"25457094","Hôpital Ste-Monique inc.","Hopital Ste-Monique Inc.","03","Capitale-Nationale","4805, boulevard Wilfrid-Hamel"," ","G1P2J7","23027","Québec","03122","Duberger-Les Saules-Lebourgneuf","230","Québec","0312","RLS de Québec-Sud","1","RUISSS Université Laval","2","1","2"," ","N","2010-02-24",-71.3263092041,46.8044166565,"Non","Non","Oui","Non","Non","Non","Non","Non","Non","Non","Non","Non","Non","2021-12-03"
"26370254","Centre d'accueil Saint-Joseph de Lévis Inc.","Centre d'accueil Saint-Joseph de Lévis Inc.","12","Chaudière-Appalaches","5445, rue Saint-Louis"," ","G6V4G9","25213","Lévis","12113","Desjardins","251","Lévis","1211","RLS Alphonse-Desjardins","1","RUISSS Université Laval","2","1","2"," ","N","2010-02-24",-71.1886901855,46.7991447449,"Non","Non","Oui","Non","Non","Non","Non","Non","Non","Non","Non","Non","Non","2021-12-03"
"27368703","Centre d'accueil Marcelle Ferron Inc.","Centre d'accueil Marcelle Ferron Inc.","16","Montérégie","8600, boulevard Marie-Victorin"," ","J4X1A1","58007","Brossard","16111","Brossard - Saint-Lambert","580","Longueuil","1611","RLS de Champlain","2","RUISSS Université de Montréal","2","1","2"," ","N","2010-02-24",-73.4943847656,45.446056366,"Non","Non","Oui","Non","Non","Non","Non","Non","Non","Non","Non","Non","Non","2021-12-03"
"27451285","Jardins du Haut Saint-Laurent (1992) Inc.","Jardins du Haut Saint-Laurent (1992) Inc.","03","Capitale-Nationale","4770, rue Saint-Félix"," ","G3A1B1","23072","Saint-Augustin-de-Desmaures","03121","Laurentien","230","Québec","0312","RLS de Québec-Sud","1","RUISSS Université Laval","2","1","8"," ","N","2010-02-24",-71.3782043457,46.7369422913,"Non","Non","Oui","Non","Non","Non","Non","Non","Non","Non","Non","Non","Non","2021-12-03"
"27508456","Centre d'hébergement St-Jean-Eudes Inc.","Centre d'hébergement St-Jean-Eudes Inc.","03","Capitale-Nationale","6000, 3e Avenue Ouest"," ","G1H7J5","23027","Québec","03132","Charlesbourg","230","Québec","0313","RLS de Québec-Nord","1","RUISSS Université Laval","2","1","2"," ","N","2010-02-24",-71.2595214844,46.8505249023,"Non","Non","Oui","Non","Non","Non","Non","Non","Non","Non","Non","Non","Non","2021-12-03"
"28609360","Résidence Sorel-Tracy Inc.","Résidence Sorel-Tracy Inc.","16","Montérégie","4025, rue Frontenac"," ","J3R4G8","53052","Sorel-Tracy","16231","Bas Richelieu","530","Pierre-De Saurel","1623","RLS Pierre-De Saurel","2","RUISSS Université de Montréal","2","1","2"," ","N","2010-02-24",-73.1436767578,46.0282249451,"Non","Non","Oui","Non","Non","Non","Non","Non","Non","Non","Non","Non","Non","2021-12-03"
"28639839","2863-9839 Québec Inc.","2863-9839 Québec Inc.","16","Montérégie","170, rue Boileau"," ","J7V8A3","71083","Vaudreuil-Dorion","16311","Vaudreuil-Soulanges","710","Vaudreuil-Soulanges","1631","RLS de Vaudreuil-Soulanges","3","RUISSS Université McGill","2","1","4"," ","N","2010-02-24",-74.0412597656,45.4034423828,"Non","Non","Oui","Non","Non","Non","Non","Non","Non","Non","Non","Non","Non","2021-12-03"
"28694321","Centre hospitalier Saint-François inc.","Centre hospitalier Saint-François inc.","03","Capitale-Nationale","1604, 1re Avenue"," ","G1L3L6","23027","Québec","03126","Limoilou-Vanier","230","Québec","0312","RLS de Québec-Sud","1","RUISSS Université Laval","2","1","2"," ","N","2010-02-24",-71.2359771729,46.8290405273,"Non","Non","Oui","Non","Non","Non","Non","Non","Non","Non","Non","Non","Non","2021-12-03"
"28876449","Centre d'hébergement et de soins de longue durée de La Maison Legault inc.","CHSLD de La Maison Legault inc.","03","Capitale-Nationale","3035, chemin Saint-Louis"," ","G1W1R5","23027","Québec","03123","Sainte-Foy - Sillery","230","Québec","0312","RLS de Québec-Sud","1","RUISSS Université Laval","2","0","4"," ","N","2010-02-24",-71.2886199951,46.7577552795,"Non","Non","Oui","Non","Non","Non","Non","Non","Non","Non","Non","Non","Non","2021-12-03"
"29530060","Centre d'hébergement et de soins de longue durée Bourget inc.","CHSLD Bourget inc.","06","Montréal","11570, rue Notre-Dame Est"," ","H1B2X4","66023","Montréal","06523","Pointe-aux-Trembles","660","Montréal","0652","RLS de Rivière-des-Prairies - Anjou - Montréal-Est","2","RUISSS Université de Montréal","2","1","2"," ","N","2010-02-24",-73.4927597046,45.6338005066,"Non","Non","Oui","Non","Non","Non","Non","Non","Non","Non","Non","Non","Non","2021-12-03"
"29530078","Centre d'hébergement et de soins de longue durée Bussey (Québec) inc.","CHSLD Bussey (Québec) inc.","06","Montréal","2069, boulevard Saint-Joseph"," ","H8S4B7","66023","Montréal","06121","Lachine","660","Montréal","0612","RLS de Dorval - Lachine - Lasalle","3","RUISSS Université McGill","2","1","2"," ","N","2010-02-24",-73.683303833,45.4330787659,"Non","Non","Oui","Non","Non","Non","Non","Non","Non","Non","Non","Non","Non","2021-12-03"
"29490414","Foyer Saints-Anges de Ham-Nord Inc.","Foyer Saints-Anges de Ham-Nord Inc.","04","Mauricie et Centre-du-Québec","493, rue Principale","case postale 269","G0P1A0","39010","Ham-Nord","04181","Arthabaska","390","Arthabaska","0418","RLS d’Arthabaska-et-de-L’Érable","4","RUISSS Université de Sherbrooke","2","1","6"," ","N","2010-02-23",-71.6477737427,45.9038162231,"Non","Non","Oui","Non","Non","Non","Non","Non","Non","Non","Non","Non","Non","2021-12-03"
"29732187","Villa Medica Inc.","Villa Medica Inc.","06","Montréal","225, rue Sherbrooke Est"," ","H2X1C9","66023","Montréal","06321","Saint-Louis-du-Parc","660","Montréal","0632","RLS des Faubourgs - Plateau-Mont-Royal - St-Louis-du-Parc","2","RUISSS Université de Montréal","2","1","2"," ","N","2010-02-24",-73.5687408447,45.5149726868,"Non","Oui","Non","Non","Non","Non","Non","Non","Non","Non","Non","Non","Non","2021-12-03"
