X,Y,OBJECTID,STRUCTURE_ID,STRUCTURE_NAME,ALT_NAME,COMMUNITY,WARD,MAINT_DISTRICT,STRUCTURE_CATEGORY,LONGITUDE,LATITUDE
595985.499200000427663,4777921.6269,1,357,FLETCHER RD,440 metres north of GUYATT RD,Glanbrook,11,EAST,Bridge,-79.81955368369483,43.14795685627374
593185.222699999809265,4778978.0668,2,356,NEBO RD,1650 metres north of AIRPORT RD E,Glanbrook,11,EAST,Bridge,-79.8538073646809,43.15781811745193
585677.611399999819696,4780057.1037,3,397,GLANCASTER RD,325 metres south of BUTTER RD E,Glanbrook,12,EAST,Culvert,-79.94596914617726,43.16842078307492
581764.006199999712408,4781468.675599999726,4,144,BOOK RD W,1025 metres east of SHAVER DR,Ancaster,12,WEST,Culvert,-79.99389937016824,43.181563150959796
578280.028199999593198,4780927.3405,5,387,TRINITY RD S,370 metres north of BOOK RD W,Ancaster,12,WEST,Culvert,-80.03684003748069,43.177058159735765
575476.275799999945,4793080.225099999458,6,341,WESTOVER RD,625 metres north of HIGHWAY NO. 8,Flamborough,14,WEST,Bridge,-80.0696699912612,43.28676230019806
575111.060999999754131,4794597.4561,7,385,WESTOVER RD,170 metres north of CONCESSION 4 W,Flamborough,14,WEST,Culvert,-80.07396383174283,43.300459134256165
575910.213499999605119,4796645.1487,8,384,CONCESSION 5 W,1230 metres west of MIDDLETOWN RD,Flamborough,14,WEST,Culvert,-80.0638295130755,43.31881513981413
581545.036999999545515,4805887.0786,9,349,CENTRE RD,490 metres south of CONCESSION 10 E,Flamborough,15,WEST,Bridge,-79.99297231082615,43.40143159635391
601567.957600000314415,4770486.670299999416,10,447,BELL RD,475 metres west of BERRY RD,Glanbrook,11,EAST,Culvert,-79.75227595373725,43.08029283680541
601855.175499999895692,4769738.721799999475,11,435,BERRY RD,640 metres south of BELL RD,Glanbrook,11,EAST,Culvert,-79.74888543237124,43.073520671098045
599089.704,4769600.482799999416,12,428,HALL RD,335 metres west of WOODBURN RD,Glanbrook,11,EAST,Bridge,-79.78287148910499,43.072642416368204
600191.589300000108778,4771657.5272,13,445,WOODBURN RD,450 metres south of KIRK RD,Glanbrook,11,EAST,Culvert,-79.76896918693544,43.09101700237274
599074.092699999921,4772442.727499999106,14,423,Kirk Road,380 metres east of Hendershot Road,Glanbrook,11,EAST,Culvert,-79.78255651234885,43.09823295668717
599842.337899999693036,4772221.681099999696,15,424,KIRK RD,1180 metres east of HENDERSHOT RD,Glanbrook,11,EAST,Culvert,-79.77315799788072,43.09614208716444
602204.2182,4769656.2927,16,434,WESTBROOK RD,620 metres south of BELL RD,Glanbrook,11,EAST,Culvert,-79.74461420193605,43.07273162902945
604553.059600000269711,4777741.833399999887,17,430,Westbrook Road,280 metres south of Regional 20 Road,Glanbrook,11,EAST,Bridge,-79.71424719755002,43.145202818342845
601152.183299999684095,4775937.634899999946,18,422,Guyatt Road,705 metres west of Woodburn Road,Glanbrook,11,EAST,Culvert,-79.75638928884409,43.12942236017254
598201.775000000372529,4778136.555,19,464,REGIONAL 56 RD,790 metres south of GOLF CLUB RD,Glanbrook,11,EAST,Culvert,-79.79226530308992,43.14960740270293
597911.682799999602139,4776883.646199999377,20,443,Guyatt Road,75 metres east of Regional 56 Road,Glanbrook,11,EAST,Culvert,-79.79605363002729,43.13836522586896
595517.082999999634922,4777602.014499999583,21,440,GUYATT RD,365 metres west of FLETCHER RD,Glanbrook,11,EAST,Culvert,-79.82536826269052,43.145138679604464
596562.709099999628961,4772589.4622,22,189,REGIONAL 56 RD,565 metres south of KIRK RD,Glanbrook,11,EAST,Bridge,-79.81338484866468,43.099878148342185
598904.440700000151992,4778761.697799999267,23,442,Golf Club Road,500 metres east of Regional 56 Road,Glanbrook,10,EAST,Culvert,-79.78351383289181,43.15514391345195
595185.291000000201166,4771678.735,24,441,HARRISON RD,665 metres north of HALL RD,Glanbrook,11,EAST,Culvert,-79.83046390200288,43.09185307341759
602850.066899999976,4771900.497099999338,96,410,WESTBROOK RD,1300 metres south of BINBROOK RD,Glanbrook,11,,Culvert,-79.73626778687819,43.09284838401115
604636.0455,4787426.9644,97,043,SEAMAN ST,410 metres west of DEWITT RD,Stoney Creek,10,EAST,Culvert,-79.71139375228668,43.23238187534129
605426.198800000362098,4787718.1412,98,042,LAKEVIEW DR,25 metres west of SUNNYSIDE AV,Stoney Creek,10,EAST,Culvert,-79.70160969741484,43.23489315376261
606754.61699999962,4778635.931099999696,99,059,Ninth Road East,785 metres south of HIGHLAND RD E,Stoney Creek,11,EAST,Culvert,-79.68700788807547,43.15294451619612
608412.845499999821186,4778306.1643,100,057,ELEVENTH RD E,625 metres south of HIGHLAND RD E,Stoney Creek,11,EAST,Culvert,-79.66668298470057,43.1497399877725
575870.8153,4808045.037,101,348,CAMPBELLVILLE RD,340 metres east of HIGHWAY NO. 6,Flamborough,15,WEST,Culvert,-80.06273608873082,43.42145573922678
579190.8114,4810052.218399999663,102,127,MOUNTSBERG RD,1545 metres east of CENTRE RD,Flamborough,15,WEST,Culvert,-80.02143742166562,43.439183111392936
572232.33,4804146.11,103,380,REGIONAL 97 RD,645 metres west of LENNON RD,Flamborough,14,WEST,Culvert,-80.1081934521202,43.38671183890783
570375.680700000375509,4803645.99,104,125,VALENS RD,130 metres north of REGIONAL 97 RD,Flamborough,14,WEST,Culvert,-80.13117800638985,43.3823854801912
570634.964399999939,4803574.243899999186,105,409,REGIONAL 97 RD,230 metres east of VALENS RD,,14,WEST,Culvert,-80.12798664553632,43.38171515720296
568486.043499999679625,4803106.7628,106,335,REGIONAL 97 RD,625 metres east of FOREMAN RD,Flamborough,14,WEST,Culvert,-80.15457143067172,43.37770538035402
563427.275000000372529,4797653.335,107,336,SAFARI RD,65 metres north of HIGHWAY NO. 8,Flamborough,14,WEST,Culvert,-80.21764467350819,43.32904897211511
563404.4172,4797521.4899,108,337,OLD HIGHWAY 8,40 metres east of SAFARI RD,Flamborough,14,WEST,Culvert,-80.21794182217374,43.32786380276053
566056.823099999688566,4794327.5963,109,129,CONCESSION 5 W,240 metres east of SETTLERS RD,Flamborough,14,WEST,Culvert,-80.18561315896186,43.298878630024454
569212.291799999773502,4783722.024199999869,110,108,INDIAN TL,1025 metres west of LYNDEN RD,Ancaster,14,WEST,Culvert,-80.14804694672408,43.203105711798756
577976.647699999623001,4778507.9057,111,143,BUTTER RD W,460 metres east of SAWMILL RD,Glanbrook,12,WEST,Culvert,-80.04091321233477,43.15530598610574
578697.497000000439584,4779305.6743,112,388,TRINITY RD S,1315 metres south of BOOK RD W,Ancaster,12,WEST,Culvert,-80.03193484166808,43.16241407838331
582708.923600000329316,4777480.3966,113,390,CARLUKE RD W,995 metres east of SHAVER RD,Ancaster,12,WEST,Culvert,-79.98286995668637,43.145552209877515
585173.899000000208616,4778453.3967,114,398,GLANCASTER RD,280 metres north of WHITE CHURCH RD,Glanbrook,12,EAST,Culvert,-79.9524116886292,43.15403900003764
585817.992399999872,4778092.4591,115,353,WHITE CHURCH RD W,770 metres east of GLANCASTER RD,Glanbrook,11,EAST,Bridge,-79.94454696169103,43.15071656172543
590722.667399999685585,4776585.149,116,355,WHITE CHURCH RD E,130 metres east of MILES RD,Glanbrook,11,EAST,Bridge,-79.88448334305704,43.13657372989491
595237.586099999957,4773571.3026,117,402,KIRK RD,520 metres east of FLETCHER RD,Glanbrook,11,EAST,Culvert,-79.82949691180232,43.10888538606739
595531.83600000012666,4772541.3241,118,404,HARRISON RD,910 metres south of KIRK RD,Glanbrook,11,EAST,Culvert,-79.8260584423017,43.0995754097162
595790.023699999786913,4770035.581,119,405,BLACKHEATH RD,225 metres north of HALDIBROOK RD,Glanbrook,11,EAST,Culvert,-79.82331832001034,43.07698349461392
587695.358,4786611.7892,25,459,PEDESTRIAN TUNNEL UNDER LINCOLN M. ALEXANDER PY (GREENCEDAR ,430 metres west of UPPER PARADISE RD,Hamilton,8,EAST,Bridge,-79.92011021624211,43.227202426000716
596171.115199999883771,4771206.7,26,160,REGIONAL 56 RD,570 metres north of HALL RD,Glanbrook,11,EAST,Culvert,-79.8184353492714,43.08747890150729
597056.9479,4769774.832699999213,27,425,TRIMBLE RD,520 metres north of HALDIBROOK RD,Glanbrook,11,EAST,Culvert,-79.80780425434838,43.07447490475663
597748.126299999654293,4771801.347799999639,28,426,TRIMBLE RD,990 metres south of KIRK RD,Glanbrook,11,EAST,Bridge,-79.79895960653468,43.09263081836452
599295.005800000391901,4769198.1519,29,429,WOODBURN RD,440 metres south of HALL RD,Glanbrook,11,EAST,Bridge,-79.7804221353859,43.06899341078515
576611.225200000219047,4796806.8911,30,340,CONCESSION 5 W,510 metres west of MIDDLETOWN RD,Flamborough,14,WEST,Culvert,-80.05516279750871,43.32020028217935
581581.989699999801815,4797985.3077,31,344,CONCESSION 5 W,1.93 km east of BROCK RD,Flamborough,14,WEST,Culvert,-79.99369281340235,43.33028698884162
598138.891499999911,4768701.8935,32,427,PEDESTRIAN BRIDGE OVER CREEK (HALDIBROOK RD),1355 metres east of TRIMBLE RD,Glanbrook,11,EAST,Bridge,-79.79470641396601,43.06467603646126
594816.280799999833107,4778186.9052,33,416,TRINITY CHURCH RD,355 metres north of GUYATT RD,Glanbrook,11,EAST,Bridge,-79.83388459104148,43.150492586744996
600075.88370000012219,4777172.841,34,420,Hendershot Road,890 metres north of Guyatt Road,Glanbrook,11,EAST,Bridge,-79.76939580466828,43.14068570986096
604337.79,4777003.692399999127,35,431,WESTBROOK RD,205 metres south of GOLF CLUB RD,Glanbrook,11,EAST,Bridge,-79.71703282825236,43.13858734143685
575150.625199999660254,4784022.4667,36,099,JERSEYVILLE RD W,215 metres east of ALBERTON RD,Ancaster,14,WEST,Culvert,-80.07491847011285,43.20524312507128
574981.488800000399351,4783822.9075,37,149,ALBERTON RD,155 metres south of JERSEYVILLE RD W,Ancaster,14,WEST,Culvert,-80.07702731317315,43.203463189232544
572967.835,4783503.945,38,145,JERSEYVILLE RD W,190 metres east of FIELD RD,Ancaster,14,WEST,Culvert,-80.1018531676808,43.20078863164363
577163.906499999575317,4788537.068399999291,39,035,INKSETTER RD,35 metres north of OLD GOVERNOR'S RD,Flamborough,14,WEST,Bridge,-80.04950751466473,43.24568724791159
580205.887199999764562,4789267.3079,40,473,GOVERNOR'S RD,390 metres west of WEIRS LN,Ancaster,13,WEST,Culvert,-80.01193597384453,43.25194440334532
581069.348699999973,4788108.001399999484,41,112,SULPHUR SPRINGS RD,630 metres north of MINERAL SPRINGS RD,Ancaster,12,WEST,Culvert,-80.00147100373819,43.241414418511404
579641.341599999927,4787535.7112,42,100,PEDESTRIAN RAIL TRAIL BRIDGE OVER GRAVEL PIT RD,210 metres south of MINERAL SPRINGS RD,Ancaster,14,WEST,Bridge,-80.01913984012486,43.23641403101031
566755.318400000222027,4787342.1214,43,003,PEDESTRIAN RAIL TRAIL BRIDGE OVER WEIR RD,1840 metres north of GOVERNOR'S RD,Flamborough,14,WEST,Bridge,-80.17784954415717,43.23592160776616
565637.270700000226498,4787945.255899999291,44,032,CONCESSION 2 W,970 metres west of WEIR RD,Flamborough,14,WEST,Bridge,-80.19154613135692,43.24145024565974
568353.0625,4791264.280899999663,45,025,LYNDEN RD,650 metres north of HIGHWAY NO. 5,Flamborough,14,WEST,Bridge,-80.15768739285006,43.27109251441079
567631.296400000341237,4793870.73399999924,46,023,LYNDEN RD,65 metres north of AINSLEY RD,Flamborough,14,WEST,Culvert,-80.16626033767108,43.2946253520873
563010.0614,4792562.968699999154,47,021,SAGER RD,475 metres north of PATRICK RD,Flamborough,14,WEST,Bridge,-80.22337413529569,43.28325152973298
603777.9117,4788035.481599999592,48,251,NORTH SERVICE RD-QEW-SOUTH SERVICE RD,"305 metres west of MILLEN RD 
OVERPASS",,10,,Culvert,-79.72184468478495,43.23797857653687
604819.839700000360608,4787729.716499999166,49,229,NORTH SERVICE RD-QEW-SOUTH SERVICE RD,322 metres west of DEWITT ROAD,,10,,Culvert,-79.70907332850472,43.23508186462317
563212.765599999576807,4793681.035199999809,50,020,CONCESSION 5 W,455 metres east of SAGER RD,Flamborough,14,WEST,Bridge,-80.22074743953961,43.29330138885741
563362.365199999883771,4795726.74599999934,51,010,CONCESSION 6 W,880 metres west of SHEFFIELD RD,Ancaster,14,WEST,Culvert,-80.21866756794198,43.31170792875289
563766.440000000409782,4795821.56,52,009,CONCESSION 6 W,470 metres west of SHEFFIELD RD,Flamborough,14,WEST,Culvert,-80.21367430368156,43.31252746621321
561986.572599999606609,4797335.73,53,007,CONCESSION 7 W,95 metres east of SAGER RD,Flamborough,14,WEST,Culvert,-80.23544957849579,43.32630949811336
566102.30460000038147,4799379.936,54,005,COOPER RD,1020 metres north of SAFARI RD,Flamborough,15,WEST,Culvert,-80.18444420952629,43.34436423210353
566219.2061,4800458.0304,55,004,CONCESSION 8 W,375 metres east of COOPER RD,Flamborough,14,WEST,Bridge,-80.18287183500159,43.35406069304027
575900.0789,4798630.80709999986,56,013,CONCESSION 6 W,805 metres west of MIDDLETOWN RD,Flamborough,14,WEST,Culvert,-80.06367989927617,43.336693776498194
571412.980000000447035,4795584.139299999923,57,018,CONCESSION 5 W,920 metres west of VALENS RD,Flamborough,14,WEST,Culvert,-80.11942342418328,43.309702793743575
572889.918999999761581,4793342.3482,58,027,ORKNEY DR,385 metres south of HIGHWAY NO. 8,Flamborough,14,WEST,Culvert,-80.10151109354427,43.289377162395574
575753.425499999895692,4793403.5296,59,028,SODOM RD,370 metres east of WESTOVER RD,Flamborough,14,WEST,Bridge,-80.0662097224439,43.289645318622476
575759.476599999703467,4794577.9175,60,016,CONCESSION 4 W,630 metres east of WESTOVER RD,Flamborough,14,WEST,Culvert,-80.06597331725722,43.30021822420724
578307.670599999837577,4791866.185499999672,61,029,MIDDLETOWN RD,780 metres north of HIGHWAY NO. 8,Flamborough,14,WEST,Bridge,-80.03494742857868,43.27554270058141
590471.227599999867,4799158.1457,62,172,BURKE ST,50 metres south of HIGHWAY NO. 5,Flamborough,15,,Bridge,-79.88387082173607,43.339828703387774
582979.782700000330806,4792668.705,63,038,HARVEST RD,195 metres west of OFIELD RD S,Flamborough,15,WEST,Culvert,-79.97725670916925,43.282267734072306
579107.897699999623001,4806659.196399999782,64,067,CONCESSION 11 E,1405 metres east of HIGHWAY NO. 6,Flamborough,15,WEST,Culvert,-80.02295328903014,43.40864412888827
576415.559999999590218,4807283.33,65,065,MOUNTSBERG RD,250 metres east of HIGHWAY NO. 6,Flamborough,15,WEST,Bridge,-80.05611406378682,43.41454258536495
574780.67,4810172.33,66,063,PUSLINCH TOWNLINE RD,900 metres west of CENTRE RD,Flamborough,15,WEST,Culvert,-80.0759100027863,43.44071783693701
580378.8163,4807932.3078,67,068,CONCESSION 11 E,640 metres east of CENTRE RD,Flamborough,15,WEST,Culvert,-80.0070714439905,43.41997087873907
587908.915400000289083,4800536.767899999395,68,075,CONCESSION 5 E,535 metres east of CENTRE RD,Flamborough,15,WEST,Culvert,-79.91525500795963,43.35254442468148
590038.454800000414252,4797549.452099999413,69,079,THOMSON DR (SNAKE RD BRIDGE),20 metres south of MAIN ST S,Flamborough,15,WEST,Bridge,-79.8894728384454,43.32539781608663
588703.557300000451505,4797695.6653,70,078,RILEY ST,50 metres south of BRAEHEID AV,Flamborough,15,WEST,Culvert,-79.9059107623824,43.32687282598197
586236.079099999741,4794014.407199999318,71,080,ROCK CHAPEL RD,1135 metres east of SYDENHAM RD,Flamborough,15,WEST,Culvert,-79.93691782296307,43.29401734448331
567397.22829999961,4784377.7045,72,109,POWERLINE RD,70 metres west of WEIR RD,Ancaster,14,WEST,Culvert,-80.17030672056478,43.20917352500579
574186.427099999972,4781631.922499999404,73,101,DUNMARK RD,800 metres west of WILSON ST W,Ancaster,12,WEST,Culvert,-80.0871068815066,43.183814882808775
605390.994,4787556.778599999845,74,230,"NORTH SERVICE RD-QEW
NORTH SERVICE RD-QEW
",210 metres east of DEWITT RD,,10,,Culvert,-79.70207399186071,43.23344542181223
606160.468000000342727,4787372.8036,75,231,NORTH SERVICE RD,280 metres west of WATERFORD CR,,11,,Culvert,-79.69263547663776,43.2316813129613
606055.470499999821186,4786942.3144,76,232,SOUTH SERVICE RD,309 metres east of FRUITLAND RD,,11,,Culvert,-79.69401094937005,43.227820652603896
576124.530199999921,4779471.12299999967,77,106,ALBERTON RD,540 metres south of BOOK RD W,Ancaster,12,WEST,Culvert,-80.06355817791578,43.16416711648995
579653.91330000013113,4780935.136,78,104,BOOK RD W,1110 metres west of SHAVER RD,Ancaster,12,WEST,Culvert,-80.01993699160732,43.176984800773845
580397.103699999861419,4779080.238399999216,79,102,BUTTER RD W,880 metres west of SHAVER RD,Ancaster,12,WEST,Culvert,-80.01106358324867,43.16020557619452
583569.83,4786040.67,80,114,GOLF LINKS RD,100 metres west of CHANCERY DR,Ancaster,12,WEST,Culvert,-79.9709906630816,43.22252872316055
583876.165,4788194.375,81,116,LOWER LIONS CLUB RD,240 metres east of OLD DUNDAS RD,Ancaster,12,WEST,Culvert,-79.9668918020494,43.24188509669607
584295.35950000025332,4788301.311899999157,82,115,LOWER LIONS CLUB RD,430 metres east of OLD DUNDAS RD,Hamilton,12,WEST,Culvert,-79.9617130339076,43.2428011318927
584472.21,4790758.92,83,090,MCMURRAY ST,100 metres south of HATT ST,Hamilton,13,WEST,Bridge,-79.95915828069825,43.26490768253075
584065.875,4790783.731499999762,84,089,CREIGHTON RD,30 metres south of MILL ST,Hamilton,13,WEST,Bridge,-79.9641604286567,43.265176508894065
585138.871899999678135,4790977.306099999696,85,093,PARK ST E,110 metres west of YORK RD,Dundas,13,WEST,Culvert,-79.95091144675732,43.2667988147221
584854.308199999853969,4791343.724199999124,86,092,ALMA ST,145 metres east of SYDENHAM ST,Dundas,13,WEST,Culvert,-79.95436081773347,43.270129838681285
589220.300499999895692,4783553.596599999815,87,084,CHRISTOPHER DR,195 metres west of CHRISTIE ST,Hamilton,8,EAST,Culvert,-79.90182946728962,43.19949043744261
597792.234400000423193,4786774.5774,88,085,PARKDALE AV S,Over LAWRENCE RD,Hamilton,4,NORTH,Bridge,-79.79577291218914,43.22742686328708
601146.526100000366569,4785653.1739,89,048,JONES ST,110 metres west of KING ST E,,9,EAST,Bridge,-79.75468264002511,43.21688909487475
601573.698800000362098,4784905.406099999323,90,047,First Road East,155 metres south of Ridge Road,Stoney Creek,9,EAST,Culvert,-79.74956207720557,43.21009987054373
603042.776200000196695,4783781.412599999458,91,050,THIRD RD E,1000 metres south of RIDGE RD,Stoney Creek,11,EAST,Culvert,-79.7316907779004,43.19978197249365
606079.819699999876,4781824.9866,92,054,Green Mountain Road East,970 metres east of SIXTH ROAD EAST,Stoney Creek,11,EAST,Culvert,-79.69469394326363,43.18174887319007
608662.287700000219047,4781590.7934,93,056,Tenth Road East,470 metres north of GREEN MOUNTAIN ROAD EAST,Stoney Creek,11,EAST,Culvert,-79.66297121535027,43.17927366701554
607301.786199999973,4785567.1511,94,046,CHRISTINA AV,10 metres south of WILLOW LN,Stoney Creek,11,EAST,Culvert,-79.67893490214006,43.21526474435991
605452.7275,4786743.945299999788,95,040,ARVIN AV,210 metres west of FRUITLAND RD,Stoney Creek,11,EAST,Culvert,-79.70146929180932,43.22611933548006
590015.3278,4793789.071,285,458,YORK BV,500 metres north of VALLEY INN RD,Hamilton,1,WEST,Bridge,-79.89037411534136,43.291546210448125
576588.481100000441074,4788437.1893,286,449,HIGHWAY NO. 52,75 metres north of GOVERNOR'S RD,Flamborough,14,WEST,Bridge,-80.05660844328881,43.244846658591925
589809.019999999552965,4791243.78,287,455,MACKLIN ST N/PRIVATE LEG,45 metres east of MACKLIN ST N,Hamilton,1,NORTH,Bridge,-79.89333226838495,43.268655686104516
600285.966099999845028,4767938.356,288,432,SINCLAIRVILLE RD,230 metres north of HALDIBROOK RD,Glanbrook,11,EAST,Bridge,-79.76848060877586,43.05752124026234
586970.630800000391901,4791083.808599999174,289,301,COOTES DR,660 metres east of OLYMPIC DR,Hamilton,1,NORTH,Bridge,-79.92832736568602,43.26754845340257
589918.451299999840558,4798637.4221,290,451,HIGHWAY NO. 5 E,120 metres east of MILL ST S,Flamborough,14,WEST,Bridge,-79.89077442431189,43.33520703872764
588822.424399999902,4774794.1157,291,413,FERRIS RD,400 metres north of LEEMING RD,Glanbrook,11,EAST,Bridge,-79.90813122534871,43.12067400118338
584223.583999999798834,4775209.876599999145,292,436,HALDIBROOK RD,35 metres east of GLANCASTER RD,Glanbrook,11,EAST,Culvert,-79.96459104303324,43.1249427149498
574913.645200000144541,4786010.8695,293,148,POWERLINE RD,1870 metres west of HIGHWAY NO. 52,Ancaster,14,WEST,Culvert,-80.07756543647568,43.223169425270875
575164.441800000146031,4784087.635099999607,294,098,ALBERTON RD / PRIVATE LEG,60 metres north of JERSEYVILLE RD W,Ancaster,14,WEST,Culvert,-80.07473954448749,43.205828499241505
572500.668899999931,4784660.980799999088,295,107,FIELD RD,810 metres south of POWERLINE RD W,Ancaster,14,WEST,Culvert,-80.10745085549314,43.21125119610553
578956.694899999536574,4789416.0369,296,036,MIDDLETOWN RD,630 metres north of GOVERNOR'S RD,Flamborough,14,WEST,Bridge,-80.02730138862253,43.25341534548805
580816.050900000147521,4789194.4644,297,113,SULPHUR SPRINGS RD,255 metres south of GOVERNOR'S RD,Ancaster,12,WEST,Culvert,-80.00443110061262,43.25122340250761
580138.208700000308454,4787585.969399999827,298,111,MINERAL SPRINGS RD,65 metres west of MARTIN RD,Ancaster,14,WEST,Culvert,-80.0130140253412,43.236813895203234
571672.185200000181794,4787896.518699999899,299,034,WOODHILL RD,750 metres north of GOVERNOR'S RD,Flamborough,14,WEST,Bridge,-80.11722875033706,43.240462005606815
590103.78000000026077,4798205.8354,300,352,MILL ST S,120 metres south of UNION ST,Flamborough,15,WEST,Bridge,-79.88855951744776,43.33129932812979
588105.08490000013262,4786486.979,301,283,UPPER PARADISE RD,Over LINCOLN M. ALEXANDER PY,Hamilton,8,EAST,Bridge,-79.91508561188073,43.22603101062701
590488.244300000369549,4785711.399199999869,302,286,UPPER JAMES ST,Over LINCOLN M. ALEXANDER PY,Hamilton,7,EAST,Bridge,-79.88587224238138,43.21876639644969
592115.63300000037998,4785183.8989,303,288,UPPER WENTWORTH ST,Over LINCOLN M. ALEXANDER PY,Hamilton,7,EAST,Bridge,-79.86592701375682,43.21382044685139
593658.413499999791384,4784686.98299999908,304,290,UPPER GAGE AV,Over LINCOLN M. ALEXANDER PY,Hamilton,6,EAST,Bridge,-79.84702124179907,43.20915690189594
598145.443199999630451,4783225.012399999425,305,366,MUD ST W,320 metres east of PARAMOUNT DR,Stoney Creek,9,EAST,Bridge,-79.79205531021282,43.19542515149966
590092.339599999599159,4789982.7971,306,305,DUNDURN ST S,25 metres north of HILL ST,Hamilton,1,NORTH,Bridge,-79.8900480052889,43.257269253159855
592645.60869999975,4789109.4956,307,316,CLAREMONT AC,Over STINSON ST,Hamilton,2,NORTH,Bridge,-79.85874420007762,43.24909748368078
594268.6776,4790379.844399999827,308,332,BIRCH AV,95 metres north of PRINCESS ST,Hamilton,3,NORTH,Bridge,-79.83853704473744,43.26033302711775
566231.623999999836087,4789498.918899999931,120,033,FOXDEN RD,550 metres south of TROY RD,Flamborough,14,WEST,Bridge,-80.1840394913948,43.25538712402826
568486.425300000235438,4792831.192099999636,121,024,CONCESSION 4 W,500 metres east of LYNDEN RD,Flamborough,14,WEST,Culvert,-80.15584912333266,43.28518835723438
566221.898699999786913,4792292.4934,122,022,CONCESSION 4 W,210 metres west of HUNTER RD,Flamborough,14,WEST,Culvert,-80.18382327429292,43.28054063106358
563121.756400000303984,4794317.3739,123,019,NORMAN RD,555 metres east of SAGER RD,Flamborough,14,WEST,Culvert,-80.22179618608895,43.2990384857692
572282.02170000039041,4801815.5614,124,011,CONCESSION 8 W,980 metres west of WESTOVER RD,Flamborough,14,WEST,Bridge,-80.10788769312155,43.365724186289356
576802.3136,4798276.014599999413,125,014,MIDDLETOWN RD,545 metres south of CONCESSION 6 W,Flamborough,14,WEST,Bridge,-80.05260088220551,43.33340781161811
572314.110000000335276,4793756.16499999911,126,026,CONCESSION 4 W,265 metres west of HIGHWAY NO. 8,Flamborough,14,WEST,Culvert,-80.10855362781665,43.29315850701253
574876.778199999593198,4794366.5064,127,017,CONCESSION 4 W,280 metres west of WESTOVER RD,Flamborough,14,WEST,Culvert,-80.07688337122633,43.2984031381547
576184.893199999816716,4794676.2277,128,015,CONCESSION 4 W,1060 metres east of WESTOVER RD,Flamborough,14,WEST,Bridge,-80.06071548524758,43.30106040402875
591687.037499999627471,4789582.6772,129,311,JAMES ST S,15 metres south of HUNTER ST E,Hamilton,1,NORTH,Bridge,-79.87047137375937,43.25347469484202
592007.204199999570847,4789479.886,130,312,CATHARINE ST S,15 metres south of HUNTER ST E,Hamilton,1,NORTH,Bridge,-79.86654503518417,43.25251026295979
592152.8388,4788762.28199999966,131,313,ARKLEDUN AV (JOLLEY CUT),Over CLAREMONT AC,Hamilton,7,NORTH,Bridge,-79.86487127410598,43.246031937725704
592461.9386,4788780.000399999321,132,317,SHERMAN AC (WEST END) (HAIRPIN BEND TO EASTBOUND),Over SHERMAN AC,Hamilton,2,NORTH,Bridge,-79.86106158067984,43.24615361417688
592597.958999999798834,4788970.525299999863,133,315,CLAREMONT AC,35 metres south of YOUNG ST,Hamilton,1,NORTH,Bridge,-79.85935440860324,43.24785220044148
594420.228500000201166,4790688.7213,134,331,BIRCH AV,345 metres south of BURLINGTON ST,Hamilton,3,NORTH,Bridge,-79.83661724481634,43.26309481749077
595178.885200000368059,4790827.0877,135,329,BURLINGTON ST OVERPASS centred approx over WILCOX ST,275 metres west of WILCOX ST to 300 metres east of WILCOX ST,Hamilton,3,NORTH,Bridge,-79.82724758445998,43.26424505863771
598005.446399999782443,4790032.196,136,327,NIKOLA TELSA BLVD OVERPASS centred over STRATHEARNE AVE,500 metres west of STRATHEARNE AV to 900 metres east of STRA,Hamilton,4,NORTH,Bridge,-79.79256885715948,43.25672658097923
599589.884999999776483,4790290.6104,137,333,WOODWARD AV,Over BURLINGTON ST E,Hamilton,4,NORTH,Bridge,-79.77300614597804,43.25884530085569
609678.893500000238419,4782128.553899999708,138,120,Eleventh Road East,160 metres north of Smith Road,Stoney Creek,11,EAST,Culvert,-79.6503591830914,43.183967901603516
609030.174800000153482,4780332.0785,139,365,Eleventh Road East,470 metres north of Mud Street East,Stoney Creek,11,EAST,Culvert,-79.65869383861781,43.1678892990431
603226.048899999819696,4781525.82499999925,140,361,TAPLEYTOWN RD,95 metres south of MUD ST E,Stoney Creek,11,EAST,Bridge,-79.72985669151724,43.17945085098891
602772.912299999967,4779016.102199999616,141,119,Woodburn Road,750 metres south of Regional 20 Road,Stoney Creek,11,EAST,Bridge,-79.73589705338617,43.156918505497636
601533.3277000002563,4781936.7519,142,052,SECOND RD E,260 metres south of MUD ST E,Stoney Creek,11,EAST,Culvert,-79.7506044151152,43.18337959412153
597076.640599999576807,4782615.486099999398,143,122,WINTERBERRY DR,190 metres north of HIGHLAND RD W,Stoney Creek,9,EAST,Culvert,-79.80531405064056,43.19007581435906
595883.330699999816716,4784293.9524,144,374,MOUNTAIN BROW BLVD,170 metres north of LIMERIDGE RD E,Hamilton,6,EAST,Culvert,-79.81970533908007,43.2053392146213
596130.457499999552965,4785117.8924,145,295,MOUNTAIN BROW BLVD,55 metres east of MOHAWK RD E,Hamilton,6,EAST,Bridge,-79.8165204932814,43.21272558938252
600789.7675,4786755.880899999291,146,379,QUEENSTON RD,120 metres east of RIVERDALE DR,Stoney Creek,9,EAST,Culvert,-79.75887265719469,43.226864075624896
601415.5071,4786565.9978,147,407,QUEENSTON RD,320 metres east of LAKE AVENUE DR,Stoney Creek,9,EAST,Culvert,-79.75120397739438,43.22507078808074
598708.79,4787330.21,148,325,QUEENSTON RD,Over RED HILL CREEK EXPRESSWAY,Hamilton,5,NORTH,Bridge,-79.78438937883112,43.232309701740576
598180.441599999554455,4786701.979599999264,149,377,KING ST E,35 metres east of LAWRENCE RD,Hamilton,5,NORTH,Culvert,-79.79100643595409,43.22672286920811
598257.672199999914,4786642.9155,150,324,KING ST E,Over RED HILL CREEK EXPRESSWAY,Hamilton,5,NORTH,Bridge,-79.79006614453581,43.226181078329674
593865.406000000424683,4787993.125399999321,151,319,CONCESSION ST,Over SHERMAN AC CUT,Hamilton,5,EAST,Bridge,-79.84391118982622,43.23889606836187
596329.987700000405312,4787184.133099999279,152,323,LAWRENCE RD,Over KENILWORTH AV S,Hamilton,4,NORTH,Bridge,-79.81370389222019,43.231302119833394
596318.095499999821186,4787145.76899999939,153,164,KENILWORTH AV S,35 metres south of LAWRENCE RD,Hamilton,4,NORTH,Bridge,-79.81385701139132,43.23095825405672
596378.279900000430644,4787355.670299999416,154,322,KING ST E,Over KENILWORTH AV S,Hamilton,4,NORTH,Bridge,-79.81307933018994,43.23284026461719
598921.859299999661744,4786167.4702,155,133,QUIGLEY RD,100 metres south of KING ST E,Hamilton,5,NORTH,Culvert,-79.78197445636003,43.22181400154716
600204.437599999830127,4785850.879599999636,156,367,KING ST W,130 metres east of CENTENNIAL PY,Stoney Creek,9,EAST,Bridge,-79.76624310764097,43.2187946314649
601134.535500000230968,4785588.032299999148,157,368,KING ST E,40 metres east of ELM AV,Stoney Creek,9,EAST,Bridge,-79.75484216861621,43.21630425598779
601076.440000000409782,4784915.11,158,369,Ridge Road,610 metres west of First Road East,Stoney Creek,9,EAST,Culvert,-79.75568045929953,43.21025397061197
602046.540199999697506,4776479.3317,159,118,Woodburn Road,760 metres north of Guyatt Road,Glanbrook,11,EAST,Bridge,-79.74529652946946,43.134179081437495
589985.29,4792460.21,160,310,YORK BV,1375 metres north of DUNDURN ST N,Hamilton,1,NORTH,Bridge,-79.8909617111416,43.279586133715064
586497.482800000347197,4801451.581399999559,161,073,CORNELIA CT,45 metres south of JOHN MARTIN CR,Flamborough,15,WEST,Culvert,-79.932523895014,43.36094430067345
584462.578099999576807,4798648.254699999467,162,345,MILLGROVE SIDE RD,40 metres south of CONCESSION 5 W,Flamborough,15,WEST,Culvert,-79.95806461618595,43.335937437415694
584425.588499999605119,4798682.722799999639,163,393,CONCESSION 5 W,30 metres west of MILLGROVE SIDE RD,Flamborough,15,WEST,Culvert,-79.95851554500722,43.33625191195173
598603.364,4785137.6379,164,132,QUIGLEY RD,70 metres north of VEEVERS DR,Hamilton,5,NORTH,Culvert,-79.78607918127128,43.212584390063355
595356.483199999667704,4783231.162799999118,165,373,STONE CHURCH RD,245 metres east of DARTNALL RD,Hamilton,6,EAST,Culvert,-79.82637276964522,43.19583776560027
601507.0,4788158.58,166,162,LAKE AV N,560 metres north of BARTON ST E,Hamilton,5,NORTH,Bridge,-79.74978454982453,43.239395828926966
595347.7944,4787484.9066,167,321,PEDESTRIAN RAIL TRAIL BRIDGE OVER KENILWORTH AC,1100 metres west of LAWRENCE RD,Hamilton,3,NORTH,Bridge,-79.82574502667451,43.23413471177848
592321.389600000344217,4789108.902,168,166,YOUNG ST,120 metres west of WELLINGTON ST S,Hamilton,2,NORTH,Bridge,-79.86273742297983,43.24913191195795
592151.335599999875,4789334.919299999252,169,168,WALNUT ST S,60 metres north of AUGUSTA ST,Hamilton,2,NORTH,Bridge,-79.86479403674952,43.251187533615656
591565.149299999698997,4789633.4755,170,170,PEDESTRIAN TUNNEL UNDER CPR TRACKS (MACNAB ST S),10 metres south of HUNTER ST W,Hamilton,2,NORTH,Bridge,-79.87196423508371,43.25394684502488
590505.814199999906,4789963.3964,171,175,LOCKE ST S,40 metres north of HUNTER ST W,Hamilton,1,NORTH,Bridge,-79.88495806324839,43.25704505250393
590123.606700000353158,4790691.4097,172,178,HUNT ST,35 metres west of BREADALBANE ST,Hamilton,1,NORTH,Bridge,-79.88954691024547,43.263645144395205
592546.906399999745,4790907.2628,173,180,PEDESTRIAN BRIDGE OVER CNR TRACKS (MARY ST),55 metres south of STRACHAN ST E,Hamilton,2,NORTH,Bridge,-79.85965780506925,43.26529472109829
592126.118900000117719,4791022.387,174,183,JAMES ST N,80 metres south of STRACHAN ST E,Hamilton,2,NORTH,Bridge,-79.86482239231498,43.26638273774749
591850.8881,4791110.3825,175,185,BAY ST N,65 metres south of STRACHAN ST W,Hamilton,2,NORTH,Bridge,-79.86819845523812,43.26720855539037
592616.3295,4788963.703099999577,176,187,VICTORIA AV S,40 metres south of YOUNG ST,Hamilton,2,NORTH,Bridge,-79.85912930703326,43.24778852489888
597019.433899999596179,4789537.2968,177,247,KENILWORTH AV N,60 metres north of DUNBAR AV,Hamilton,3,NORTH,Bridge,-79.80480111469515,43.25239870399861
607351.092199999839067,4783662.7474,178,245,RIDGE RD,75 metres east of EIGHTH RD E,Hamilton,3,EAST,Bridge,-79.67869816994794,43.19811359670998
583393.686499999836087,4791580.5302,179,248,KING ST W,145 metres west of BOND ST,Dundas,13,WEST,Bridge,-79.97232096560168,43.27242495447363
587338.134399999864399,4790625.2432,180,302,McMASTER PARKING LOT TO UNIVERSITY - BRIDGE OVER COOTES DR,650 metres north of MAIN ST W,Hamilton,1,NORTH,Bridge,-79.92387241522707,43.263377441489766
596031.892400000244379,4783334.789,181,467,PRITCHARD RD,Over LINCOLN M. ALEXANDER PY,Hamilton,6,EAST,Bridge,-79.81804369697302,43.19668512798189
596944.178100000135601,4769393.637,182,469,TRIMBLE RD,120 metres north of HALDIBROOK RD,Glanbrook,11,EAST,Culvert,-79.80925561789573,43.07105741083732
577984.028199999593198,4778185.6468,183,471,SAWMILL RD,495 metres east of BUTTER RD W,Ancaster,12,WEST,Culvert,-80.04086782674604,43.15240373970391
566858.559999999590218,4785910.56,184,391,GOVERNOR'S RD,275 metres east of WEIR RD,Ancaster,14,WEST,Bridge,-80.17675166667034,43.22302297505438
588233.872600000351667,4797389.015799999237,185,002,RYANS WY,160 metres east of HOLLYBUSH DR,Flamborough,15,WEST,Culvert,-79.91175221751422,43.324167340892906
573920.60329999961,4781137.2531,186,008,WILSON ST W,545 metres west of FERGUSON RD,Ancaster,12,WEST,Culvert,-80.09044366657389,43.17938709620891
574167.036899999715388,4809563.093399999663,187,147,PUSLINCH TOWNLINE RD,1770 metres west of CENTRE RD,Flamborough,15,WEST,Bridge,-80.08357470844732,43.435293752917026
596390.566100000403821,4783366.636299999431,188,201,RHVP SB OFF-RAMP to STONE CHURCH RD,Over MUD ST,Hamilton,5,EAST,Bridge,-79.81362452727133,43.19692615518403
596683.748200000263751,4784274.992,189,204-SB,RHVP TWIN VIA DUCT SOUTHBOUND BRIDGE,"Over valley, 930 metres north of LINCOLN ALEXANDER PKWY",Hamilton,5,NORTH,Bridge,-79.80985783782154,43.20506645239624
597425.658099999651313,4785727.72,190,205,GREENHILL AV,Over RED HILL VALLEY PARKWAY,Hamilton,5,NORTH,Bridge,-79.80047082622472,43.218049680318224
598109.236399999819696,4786564.6698,191,211,MOUNT ALBION RD (CENTRAL STRUCTURE),Over RED HILL VALLEY PARKWAY,Hamilton,5,NORTH,Bridge,-79.79190748006141,43.225495968157595
598164.28000000026077,4786586.89,192,213,RED HILL VALLEY PKWY CULVERT,105 metres south of KING ST,Hamilton,5,NORTH,Culvert,-79.79122588203744,43.225688851880776
598213.316800000146031,4786558.604499999434,193,214,KING ST ON-RAMP TO NB RHVP (CULVERT),80 metres south of KING ST,Hamilton,5,NORTH,Culvert,-79.79062722004893,43.22542782423568
598271.939000000245869,4786801.67669999972,194,215,KING ST ON-RAMP TO SB RHVP,135 metres north of KING ST,Hamilton,5,NORTH,Bridge,-79.78986222541567,43.22760850269285
598776.935600000433624,4787440.521199999377,195,218,RED HILL VALLEY PKWY SB OFF-RAMP TO QUEENSTON RD,210 metres north of QUEENSTON RD,Hamilton,5,NORTH,Bridge,-79.78353058842802,43.2332938790162
589693.916899999603629,4799745.777899999171,196,151,PEDESTRIAN BRIDGE OVER CREEK (PARKSIDE DR),470 metres east of CHURCHILL AV,Flamborough,15,WEST,Bridge,-79.89336251747518,43.34521224910443
597128.088000000454485,4774505.345499999821,197,223,REGIONAL 56 RD,440 metres south of BINBROOK RD,Glanbrook,11,EAST,Culvert,-79.80610340448409,43.1170545212118
594325.009100000374019,4770478.376,198,411,HALDIBROOK RD,505 metres west of HARRISON RD,Glanbrook,11,EAST,Culvert,-79.84123575336633,43.08115364561011
593291.22,4779336.44,199,400,NEBO RD,670 metres south of DICKENSON RD E,Glanbrook,11,EAST,Culvert,-79.8524434500978,43.16103149459326
592755.646099999547005,4790842.6467,200,474,FERGUSON AV N,55 metres south of STRACHAN ST E,Hamilton,2,NORTH,Bridge,-79.85709714736865,43.26468732337489
599833.963999999687076,4788674.69319999963,201,152,RED HILL VALLEY PKWY CNR OVERHEAD,500 metres north of BARTON ST E,Hamilton,4,NORTH,Bridge,-79.77029241806521,43.24426552824956
597834.274199999869,4786422.940199999139,202,153,RED HILL VALLEY PKWY CPR OVERHEAD,480 metres south of KING ST E,Hamilton,5,NORTH,Bridge,-79.79531768982254,43.22425571510097
595335.311099999584258,4770000.2024,203,062,HALDIBROOK RD,430 metres west of BLACKHEATH RD,Glanbrook,11,EAST,Culvert,-79.82890891694397,43.07672227116317
595083.430200000293553,4771339.897299999371,204,417,HARRISON RD,310 metres north of HALL RD,Glanbrook,11,EAST,Culvert,-79.83177319192932,43.08881527704263
593688.1787,4774375.6764,205,439,TRINITY CHURCH RD,100 metres north of CHIPPEWA RD E,Glanbrook,11,EAST,Culvert,-79.84840007942577,43.11632042714616
592960.106499999761581,4772307.856899999082,206,415,TRINITY CHURCH RD,625 metres north of HALL RD,Glanbrook,11,EAST,Culvert,-79.85769394589839,43.0977932935151
591664.001400000415742,4779893.0051,207,437,MILES RD,610 metres south of DICKENSON RD E,Glanbrook,11,EAST,Culvert,-79.87236353885578,43.166241287145446
595471.231800000183284,4783622.534499999136,208,462,DARTNALL ON-RAMP TO WB LINC,520 metres north of STONE CHURCH RD,Hamilton,6,EAST,Culvert,-79.82489313895434,43.19934674298837
584602.300099999643862,4791589.6236,209,454,LIVINGSTONE DR,10 metres west of SYDENHAM ST,Dundas,13,WEST,Culvert,-79.95742795475519,43.27237205582378
590118.037200000137091,4793438.3219,210,456,VALLEY INN RD,305 metres east of YORK BV,Hamilton,1,NORTH,Bridge,-79.88916571792824,43.28837615046589
589934.972599999979,4793409.350199999288,211,275,YORK BV,105 metres north of VALLEY INN RD,Hamilton,1,NORTH,Bridge,-79.89142657435002,43.288137209172305
589511.997600000351667,4786015.695,212,460,PEDESTRIAN BRIDGE OVER LINCOLN M. ALEXANDER PY (FIONA CRES),630 metres east of GARTH ST,Hamilton,8,EAST,Bridge,-79.89784064179666,43.22162241241823
566751.174599999561906,4790214.009299999103,213,450,REGIONAL ROAD 5,150 metres west of HUNTER RD,Flamborough,14,WEST,Culvert,-80.17755271550807,43.26177978770802
584161.868499999866,4805516.699799999595,214,072,PROGRESTON RD,35 metres west of GREEN SPRING RD,Flamborough,15,WEST,Bridge,-79.96071830312343,43.397807975001804
584209.461299999617,4805508.1752,215,071,GREEN SPRING RD,45 metres east of PROGRESTON RD,Flamborough,15,WEST,Bridge,-79.9601320062868,43.39772588585035
601090.841699999757111,4789072.32499999925,216,225,CONFEDERATION DRIVE- NORTH SERVICE ROAD,140 metres east of CENTENNIAL PARKWAY NORTH,,5,,Culvert,-79.75474143067439,43.247677784100055
602106.630800000391901,4788559.640599999577,217,226,NORTH SERVICE RD-QEW-SOUTH SERVICE RD,510 metres west of GRAYS RD,,5,,Culvert,-79.74232663459046,43.242925448218365
579498.627199999988,4804527.2213,218,069,CONCESSION 10 E,240 metres north of HIGHWAY NO. 6,Flamborough,15,WEST,Culvert,-80.01843808225838,43.389408337660335
578314.482599999755621,4803533.819299999624,219,382,BROCK RD,265 metres north of CONCESSION 8 W,Flamborough,14,WEST,Culvert,-80.03319869958781,43.38058908579795
578643.632299999706447,4803338.507699999958,220,083,CONCESSION 8 W,275 metres east of BROCK RD,Flamborough,14,WEST,Culvert,-80.02916394007438,43.378796236663995
574724.678199999966,4800435.3789,221,339,SAFARI RD,1075 metres east of WESTOVER RD,Flamborough,14,WEST,Bridge,-80.07793214862521,43.35305879562138
582022.705400000326335,4792241.602499999106,222,343,BROCK RD,30 metres north of KIRBY AV,Flamborough,14,WEST,Bridge,-79.98911474696698,43.278527281530714
583689.33,4786792.58,223,294,ROUSSEAUX ST,120 metres east of ACADEMY ST,Hamilton,12,WEST,Culvert,-79.96940542382615,43.229285131475464
582958.58,4790218.625,224,139,HUNTINGWOOD AV,40 metres east of CREEKWOOD PL,Dundas,13,WEST,Culvert,-79.97788723486103,43.26021144582352
584816.28110000025481,4790555.7014,225,091,OGILVIE ST,30 metres north of GOVERNOR'S RD,Dundas,13,WEST,Bridge,-79.95495072796786,43.2630394188751
585095.933799999766052,4790480.9681,226,297,MAIN ST,120 metres south of GOVERNOR'S RD,Hamilton,13,WEST,Bridge,-79.9515171483576,43.262335054322875
584672.216799999587238,4791526.223699999973,227,298,SYDENHAM ST,140 metres north of ALMA ST,Dundas,13,WEST,Culvert,-79.95657624892931,43.27179340012017
584824.125,4791848.33,228,299,SYDENHAM RD,395 metres north of CROWLEY CT,Flamborough,15,WEST,Bridge,-79.9546549358834,43.27467628433894
586505.130900000222027,4791074.3199,229,300,COOTES DR,185 metres east of OLYMPIC DR,Hamilton,13,WEST,Culvert,-79.93406387895512,43.267516616774
587005.2363,4793173.129699999467,230,309,YORK RD,405 metres south of VALLEY RD,Dundas,13,WEST,Bridge,-79.92757069688982,43.28635476964408
590162.824099999852479,4798184.7112,231,396,MILL ST S,185 metres south of UNION ST,Flamborough,15,WEST,Culvert,-79.88783480675053,43.33110206997656
589689.785799999721348,4799749.9538,232,351,PARKSIDE DR,470 metres east of CHURCHILL AV,Flamborough,15,WEST,Bridge,-79.89341279448298,43.34525033660475
586428.295,4786938.41499999911,233,293,MOHAWK RD,Over LINCOLN M. ALEXANDER PY,Ancaster,12,WEST,Bridge,-79.93565913138696,43.23028930385568
588918.200299999676645,4786226.515499999747,234,284,GARTH ST,Over LINCOLN M. ALEXANDER PY,Hamilton,8,EAST,Bridge,-79.9051167728977,43.22359064917272
590105.5789,4785837.131799999624,235,285,WEST 5TH ST,Over LINCOLN M. ALEXANDER PY,Hamilton,8,EAST,Bridge,-79.89056237873898,43.21994415693637
591299.891099999658763,4785442.155799999833,236,287,UPPER WELLINGTON ST,Over LINCOLN M. ALEXANDER PY,Hamilton,7,EAST,Bridge,-79.87592533024362,43.21624464395576
592902.0,4784930.79,237,289,UPPER SHERMAN AV,Over LINCOLN M. ALEXANDER PY,Hamilton,7,EAST,Bridge,-79.8562902010148,43.211445345926904
594456.045,4784444.41499999911,238,291,UPPER OTTAWA ST,Over LINCOLN M. ALEXANDER PY,Hamilton,6,EAST,Bridge,-79.83724548742958,43.20687371297512
589286.055599999614,4789479.896099999547,239,304,ABERDEEN AV,30 metres west of STUDHOLME RD,Hamilton,1,NORTH,Bridge,-79.90006125066094,43.25283756960463
590134.835,4790123.045,240,306,DUNDURN ST S,145 metres south of MAIN ST W,Hamilton,1,NORTH,Bridge,-79.8895016026848,43.25852682309434
590051.671299999579787,4790302.241,241,307,MAIN ST W,135 metres west of DUNDURN ST S,Hamilton,1,NORTH,Bridge,-79.89049672917842,43.2601500636822
583482.83,4791011.33,242,088,MILL ST,80 metres west of WELLINGTON ST S,Hamilton,13,WEST,Bridge,-79.97130892123626,43.26729045155995
585196.8536,4790892.98919999972,243,094,YORK RD,55 metres north of KING ST E,Dundas,13,WEST,Culvert,-79.95021015535995,43.266033142811175
585543.844700000248849,4790668.5252,244,095,THORPE ST,60 metres south of DUNDAS ST,Hamilton,13,WEST,Bridge,-79.94597013399452,43.263972945358994
593912.838299999945,4788150.5404,245,087,MOUNTAIN PARK AV,Over SHERMAN AC CUT,Hamilton,7,EAST,Bridge,-79.84330029715878,43.24030735058682
601246.217299999669194,4786196.90599999949,246,049,COLLEGIATE AV,30 metres west of DONN AV,Stoney Creek,9,EAST,Bridge,-79.75335578725857,43.221770735437104
602396.044300000183284,4784694.4517,247,045,SECOND RD E,355 metres south of RIDGE RD,Stoney Creek,11,EAST,Culvert,-79.73947997877737,43.208089648963345
604010.5367,4782441.401499999687,248,051,GREEN MOUNTAIN RD E,455 metres east of TAPLEYTOWN RD,Stoney Creek,11,EAST,Culvert,-79.72003411070787,43.187585817173805
606981.135800000280142,4781885.21299999952,249,055,EIGHTH RD E,300 metres north of GREEN MOUNTAIN RD E,Stoney Creek,11,EAST,Culvert,-79.68359450607261,43.18216399975723
605883.39130000025034,4786615.069399999455,250,039,ARVIN AV,235 metres east of FRUITLAND RD,Stoney Creek,10,EAST,Culvert,-79.69619222889872,43.2248988319028
605195.308199999853969,4787242.867399999872,251,041,SEAMAN ST,175 metres east of DEWITT RD,Stoney Creek,10,EAST,Culvert,-79.70454319040786,43.230646776370904
602960.891699999570847,4787470.792899999768,252,044,ARVIN AV,295 metres west of GREEN RD,Stoney Creek,10,EAST,Culvert,-79.7320103090093,43.233006937118034
607594.599600000306964,4778508.266699999571,253,058,Tenth Road East,665 metres south of HIGHLAND RD E,Stoney Creek,11,EAST,Culvert,-79.67670429731206,43.151676216548914
611470.273900000378489,4785762.163599999622,254,060,BASELINE RD,550 metres east of NORTH SERVICE RD,Stoney Creek,11,EAST,Culvert,-79.62758861076098,43.21641620633772
578293.33,4810470.89,255,395,CAMPBELLVILLE RD,1225 metres east of CENTRE RD,Flamborough,15,WEST,Culvert,-80.03246598657383,43.44304681621189
564995.0,4786315.89,256,124,HARRISBURG RD,880 metres north of GOVERNOR'S RD,Flamborough,14,WEST,Culvert,-80.19964823509733,43.22683532606953
574792.987300000153482,4779747.0831,257,140,FERGUSON RD,40 metres north of BOOK RD W,Ancaster,12,WEST,Culvert,-80.0798986999727,43.16678465256233
579626.534300000406802,4777402.3263,258,389,SAWMILL RD,610 metres east of TRINITY RD S,Ancaster,12,WEST,Culvert,-80.02078196629462,43.14517997011349
585374.586699999869,4790790.7089,259,157,BALDWIN ST,105 metres east of WEST ST,Dundas,13,,Bridge,-79.9480363612146,43.2650921802157
590989.378700000233948,4773783.3317,260,399,TYNESIDE RD,1255 metres south of CHIPPEWA RD E,Glanbrook,11,EAST,Culvert,-79.8816641347579,43.11131646000151
594820.591900000348687,4773998.959,261,358,FLETCHER RD,295 metres north of KIRK RD,Glanbrook,11,EAST,Culvert,-79.83454781482516,43.11278790318704
595710.916500000283122,4773144.648499999195,262,403,HARRISON RD,275 metres south of KIRK RD,Glanbrook,10,EAST,Culvert,-79.82375427362923,43.104984561068086
595828.739099999889731,4770163.9649,263,360,BLACKHEATH RD,360 metres north of HALDIBROOK RD,Glanbrook,11,EAST,Culvert,-79.82282071052046,43.07813445240256
592991.091599999927,4778319.982,264,401,NEBO RD,965 metres north of AIRPORT RD E,Glanbrook,11,EAST,Culvert,-79.85630524756641,43.15191724188153
603157.613900000229478,4788229.326899999753,265,227,NORTH SERVICE RD-QEW,149 metres east of TEAL AVE,,10,,Culvert,-79.72944631761979,43.23980876340052
603348.689500000327826,4787728.9218,266,238,GREEN ROAD,354 metres south of SOUTH SERVICE ROAD,,10,,Culvert,-79.72718726412978,43.235277711382615
603765.313699999824166,4788039.438899999484,267,252,NORTH SERVICE RD-QEW-SOUTH SERVICE RD,315 metres west of MILLEN ROAD OVERPASS,,10,,Culvert,-79.721999062422,43.23801593516236
591565.034199999645352,4780560.266899999231,268,354,DICKENSON RD E,300 metres west of MILES RD,Glanbrook,11,EAST,Bridge,-79.87347037559977,43.17226069021113
575563.669599999673665,4792714.2254,269,342,WESTOVER RD,245 metres north of HIGHWAY NO. 8,Flamborough,14,WEST,Bridge,-80.06864318016923,43.28345827555506
575264.239099999889731,4793972.332399999723,270,386,WESTOVER RD,470 metres south of CONCESSION 4 W,Ancaster,12,WEST,Culvert,-80.07216114675275,43.29481556847434
585412.809299999848008,4790794.30189999938,271,158,COURT ST,95 metres north of DUNDAS ST,Dundas,13,,Bridge,-79.94756491178474,43.26512019689245
582703.403800000436604,4804965.662499999627,272,346,CENTRE RD,195 metres south of CARLISLE RD,Flamborough,15,WEST,Bridge,-79.97880878974078,43.3930092071596
601558.609299999661744,4767433.831199999899,273,433,WESTBROOK RD,135 metres north of REGIONAL ROAD 9A,Glanbrook,11,EAST,Bridge,-79.75294810675557,43.052809843541596
598009.246299999766052,4777487.8065,274,126,REGIONAL 56 RD,605 metres north of Guyatt Road,Glanbrook,11,EAST,Bridge,-79.79474737292256,43.14379177575437
599634.915300000458956,4776377.069199999794,275,444,Guyatt Road,200 metres west of Hendershot Road,Glanbrook,11,EAST,Culvert,-79.7749600926891,43.133579710894104
596649.825000000186265,4779407.210799999535,276,419,GOLF CLUB RD,215 metres east of FLETCHER RD,Glanbrook,11,EAST,Culvert,-79.81112613263403,43.161246853306025
596483.1875,4770071.536699999124,277,159,REGIONAL 56 RD,615 metres south of HALL RD,Glanbrook,11,EAST,Culvert,-79.81479905447233,43.07721934260097
600693.330699999816716,4779260.537499999627,278,421,Hendershot Road,985 metres north of Golf Club Road,Glanbrook,11,EAST,Culvert,-79.76142545888777,43.15939880852828
594847.517599999905,4770480.3969,279,418,HARRISON RD,235 metres north of HALDIBROOK RD,Glanbrook,11,EAST,Culvert,-79.83481779079565,43.08110666816984
591799.407100000418723,4780354.704199999571,280,414,MILES RD,130 metres south of DICKENSON RD E,Glanbrook,11,EAST,Bridge,-79.87062152614943,43.17038156967152
590515.877500000409782,4779502.5614,281,438,ENGLISH CHURCH RD E,1025 metres west of MILES RD,Glanbrook,11,EAST,Culvert,-79.88654880376694,43.16286439390534
595271.940999999642372,4783539.378,282,463,DARTNALL ON-RAMP TO WB LINC,280 metres north of STONE CHURCH RD,Hamilton,6,EAST,Culvert,-79.8273599418317,43.19862326169324
599999.135599999688566,4785087.9978,283,452,CENTENNIAL PY,990 metres north of RIDGE RD,Stoney Creek,9,EAST,Bridge,-79.76890847994835,43.21195389048582
590266.973600000143051,4793556.6205,284,457,VALLEY INN RD,535 metres east of YORK BV,Hamilton,1,NORTH,Bridge,-79.88731078550126,43.289423342641896
594590.176599999889731,4790903.117599999532,309,330,BIRCH AV,75 metres south of BURLINGTON ST E,Hamilton,3,NORTH,Bridge,-79.83448685631502,43.26500367225067
595876.603400000371039,4790824.28009999916,310,328,INDUSTRIAL DR,240 metres east of GAGE AV N,Hamilton,3,NORTH,Bridge,-79.81865288187042,43.264131330086315
597200.878200000151992,4790142.667899999768,311,326,NIKOLA TELSA BLVD OVERPASS centred over KENILWORTH AVE KENIL,535 metres west of KENILWORTH AV to 225 metres east of KENIL,Hamilton,4,NORTH,Bridge,-79.80245954558737,43.25782531523932
599593.514000000432134,4790765.448599999771,312,334,WOODWARD AV,at BEACH BV/EASTPORT DR,Hamilton,4,NORTH,Bridge,-79.77287558251673,43.263119604213
608729.600700000301003,4779934.403799999505,313,364,Mud Street East,170 metres west of Eleventh Road,Stoney Creek,11,EAST,Culvert,-79.66246868372974,43.164352569251534
603466.491299999878,4781544.420499999076,314,362,MUD ST E,220 metres east of TAPLEYTOWN RD,Stoney Creek,11,EAST,Bridge,-79.72689540849208,43.17958537956208
602332.78940000012517,4781612.6446,315,053,THIRD RD E,320 metres south of MUD ST E,Stoney Creek,11,EAST,Culvert,-79.74082911281577,43.18035393543115
597636.661999999545515,4782811.770899999887,316,123,MARSTON ST,190 metres south of PARAMOUNT DR,Stoney Creek,10,EAST,Culvert,-79.7983888855765,43.19177075929256
595860.6842,4783737.944,317,292,MOUNTAIN BROW BLVD,50 metres north of ARBOUR RD,Hamilton,6,EAST,Culvert,-79.82008053796173,43.200336426694115
601137.125,4787012.42,318,135,LAKE AV N,55 metres north of HUCKLEBERRY DR,Hamilton,5,NORTH,Culvert,-79.75454925123358,43.22912711328709
599626.915,4788233.1786,319,378,BARTON ST E,Over RED HILL CREEK EXPRESSWAY,Hamilton,5,NORTH,Bridge,-79.7729219635214,43.24031811565762
598286.110000000335276,4786497.275,320,134,KING ST ON-RAMP TO NB RHVP (CULVERT),90 metres south of KING ST E,Hamilton,5,NORTH,Culvert,-79.78974198397728,43.224866213282894
598060.803799999878,4786824.1431,321,376,PEDESTRIAN TUNNEL UNDER KING ST E,145 metres west of LAWRENCE RD,Hamilton,4,NORTH,Culvert,-79.79245762176178,43.22783823270682
596146.3558,4771213.1982,322,359,Blackheath Road,495 metres north of Hall Road,,11,EAST,Culvert,-79.81873835782348,43.08754054611134
588158.0844,4797221.7059,323,001,HOLLYBUSH DR,90 metres west of PENTLAND RD,Flamborough,15,WEST,Culvert,-79.91271366497767,43.32266994659905
596515.07079999987,4783321.061899999157,324,200,STONE CHURCH RD ENTRANCE RAMP TO NB/SB RHVP,Over MUD ST,Stoney Creek,5,EAST,Bridge,-79.81210040623228,43.196499957058414
596320.913599999621511,4783484.125499999151,325,202,RHVP SB OFF-RAMP to STONE CHURCH RD,Over RED HILL VALLEY PARKWAY,Hamilton,5,EAST,Bridge,-79.81446115093065,43.19799277878934
596337.682799999602139,4783498.016,326,203,MUD ST/STONE CHURCH RD ON-RAMP TO SB RHVP,Over RED HILL VALLEY PARKWAY,Hamilton,5,EAST,Bridge,-79.8142523728653,43.198115693963196
598042.856200000271201,4786593.6809,327,210,MOUNT ALBION RD (WEST STRUCTURE),Over RED HILL VALLEY PARKWAY,Hamilton,5,NORTH,Bridge,-79.79271953666957,43.22576577627358
598176.406899999827147,4786503.9469,328,212,MOUNT ALBION RD (EAST STRUCTURE),Over RED HILL VALLEY PARKWAY,Hamilton,5,NORTH,Bridge,-79.79109134420224,43.22494056040098
598272.231599999591708,4786814.795499999076,329,216,RED HILL VALLEY PKWY SB OFF-RAMP TO KING ST,140 metres north of KING ST,Hamilton,5,NORTH,Bridge,-79.78985628712924,43.22772656895016
598711.527300000190735,4787391.2664,330,217,QUEENSTON RD ON-RAMP TO SB RHVP,180 metres north of Queenston Rd,Hamilton,5,NORTH,Bridge,-79.78434474876441,43.23285901568614
599662.156299999915,4788311.6632,331,219,RED HILL VALLEY PKWY CULVERT,105 metres north of BARTON ST,Hamilton,5,NORTH,Bridge,-79.77247381562299,43.241020027881966
583076.793999999761581,4791539.414799999446,404,257,HWY 8 (KING ST W),30 metre west of WOODLEYS LN,,13,NULL,Bridge,-79.97623169618471,43.27208979837534
587755.296900000423193,4798494.61429999955,405,176,North Waterdown Drive,,,15,,Culvert,-79.91747699993431,43.334177004639606
589107.824900000356138,4783755.891799999401,406,130,CHRISTOPHER DR,105 metres north of MIRELLA CT,Hamilton,8,EAST,Culvert,-79.90318099993473,43.201325004583985
606924.286299999803305,4787055.530899999663,407,233,NORTH SERVICE RD,75 metres west of DARTMOUTH GT,,11,,Culvert,-79.68329298859922,43.22871724107111
606901.343799999915,4786905.5908,408,234,SOUTH SERVICE RD,257 metres east of JONES RD,,11,,Culvert,-79.68360449221545,43.22737067920639
582262.349399999715388,4792003.0642,409,031,NULL,NULL,NULL,NULL,NULL,NULL,-79.98619737595781,43.276353526816784
608187.454599999822676,4786808.85899999924,410,236,SEABREEZE CR,215 metres west of MCNEILLY RD,,11,,Culvert,-79.66779031558312,43.22631655458203
609256.711199999786913,4786317.6948,411,228,"NORTH SERVICE RD-QEW-SOUTH SERVICE RD
",108 metres west of LEWIS RD,,11,,Culvert,-79.65472438222493,43.221740901048335
609276.572100000455976,4786311.569499999285,412,249,"NORTH SERVICE RD-QEW-SOUTH SERVICE RD
",106 metres east of LEWIS RD,,11,,Culvert,-79.65448111381492,43.22168288387246
611372.889600000344217,4785679.55739999935,413,237,NORTH SERVICE RD,680 metres east of FIFTY RD,,11,,Culvert,-79.62880392586926,43.215686946792424
610917.2642,4784692.2539,414,242,HWY 8,75 metres east of BRIDGMAN LN,,11,,Culvert,-79.63461022741159,43.20686613819098
607156.828099999576807,4785494.8087,415,246,GLOVER RD,335 metres south of BARTON STREET,,11,,Culvert,-79.68073315646208,43.21463408441515
605345.22,4785521.67,416,241,FRUITLAND ROAD,208 metres north of HWY NO. 8,,11,,Culvert,-79.70302608724947,43.2151309044496
595370.70380000025034,4782170.3362,417,254,RYMAL RD EAST,46 metres west of GLOVER RD,,6,,Culvert,-79.82638081573413,43.186285458773
594395.165699999779463,4781094.77899999917,418,196,TWENTY ROAD EAST,70 metres west of DARTNALL ROAD,,11,,Culvert,-79.83856681462174,43.176724777912135
604409.100999999791384,4777247.9296,419,194,WESTBROOK ROAD,56 metres north of GOLF CLUB ROAD,,11,,Culvert,-79.71611017170017,43.14077627888947
600428.730299999937,4768071.2835,420,195,BARLOW ROAD,109 metres east of SINCLAIRVILLE ROAD,,11,,Culvert,-79.76670386274493,43.05869909720429
580925.131599999964,4779206.49489999935,421,171,BUTTER ROAD WEST,340 metres west of SHAVER ROAD,,12,,Culvert,-80.00455099994113,43.16128600362612
567547.164900000207126,4788311.840299999341,422,193,CONCESSION 2 WEST,1004 metres east of WEIR ROAD,,14,,Culvert,-80.16797945521971,43.24458222451379
571453.562099999748,4794251.4721,423,182,HWY 8,540 metres west of THOMPSON ROAD,,14,,Culvert,-80.11909635094193,43.29770021165558
568875.5016,4798512.659199999645,424,179,KIRKWALL RD,455 metres south of SAFARI RD,,13,,Culvert,-80.15034163259732,43.33630657342351
608149.036199999973,4786664.835799999535,425,250,NORTH SERVICE RD-QEW-SOUTH SERVICE RD,217 metres west of McNEILY RD,,10,NULL,Culvert,-79.66829149824862,43.22502552251907
603542.222799999639392,4788109.0567,426,239,NORTH SERVICE RD-QEW-SOUTH SERVICE RD,85 metres east of GREEN RD,,10,NULL,Culvert,-79.72473296779553,43.23867332785722
595078.785799999721348,4782255.9042,427,408,RYMAL RD E,250 metres east of DARTNALL RD,,11,,Culvert,-79.8299576685705,43.18709261074641
598351.702899999917,4783468.107499999925,428,190,PEDESTRIAN BRIDGE OVER CREEK (MISTYWOOD DR),75 METRES EAST OF BRIDGE WATER CRT,Stoney Creek,9,,Bridge,-79.78947401520011,43.19758685093201
596150.920199999585748,4782521.58799999952,429,199,Eco Passage Bridge #2 (north),Upper Red Hill Valley Parkway,Stoney Creek,9,,Bridge,-79.8167204841722,43.18934884826575
596149.606200000271201,4782517.1049,430,198,Eco Passage Bridge #1 (south),Upper Red Hill Valley Parkway South of Stone Church Road,Stoney Creek,9,,Bridge,-79.81673743145228,43.18930865538169
584010.616899999789894,4784520.473799999803,431,197,John Frederick Drive,15 metre south of BookJans Drive,,12,,Culvert,-79.9657953903306,43.20879302716776
603553.200899999588728,4788105.610099999234,432,240,NORTH SERVICE RD-QEW-SOUTH SERVICE RD,85 metres east of GREEN RD,,10,NULL,Culvert,-79.72459843670362,43.238640792151514
602088.08,4788565.67,433,253,NORTH SERVICE RD-QEW-SOUTH SERVICE RD,510 metres west of GRAYS RD,,5,NULL,Culvert,-79.7425539591765,43.242982239448565
604795.956399999558926,4787736.950099999085,434,255,NORTH SERVICE RD-QEW-SOUTH SERVICE RD,322 metres west of DEWITT RD,,10,NULL,Culvert,-79.70936602006151,43.23515030266747
599899.856999999843538,4788778.9484,332,221,RHVP NORTHBOUND STRUCTURE 1,125 metres north of CNR OVERHEAD (First Structure),Hamilton,5,NORTH,Bridge,-79.76946206926608,43.245195372007146
599948.512199999764562,4788843.278699999675,333,222,RHVP NORTHBOUND STRUCTURE 2,280 metres north of CNR OVERHEAD (Second Structure),Hamilton,3,NORTH,Bridge,-79.76885121878013,43.24576806489279
591909.230899999849498,4771610.922199999914,334,155,HALDIBROOK RD,830 metres west of TRINITY CHURCH RD,Glanbrook,11,EAST,Culvert,-79.87072008800399,43.09164682765614
565958.33,4796393.44,335,156,CONCESSION 6 W,230 metres west of HIGHWAY NO. 8,Flamborough,14,WEST,Bridge,-80.18657931165163,43.31748749481423
597979.506599999964,4768776.4712,336,412,HALDIBROOK RD,1185 metres east of TRIMBLE RD,Glanbrook,11,EAST,Culvert,-79.79665034419541,43.06536805764728
580391.385599999688566,4790156.19,337,037,WEIRS LN,1375 metres south of HIGHWAY NO. 8,Flamborough,14,WEST,Bridge,-80.00952142350572,43.25992755012278
587947.1447,4803049.9534,338,074,CONCESSION 6 E,75 metres east of WYATT RD,Flamborough,15,WEST,Bridge,-79.91437992978874,43.37516590012959
582145.110000000335276,4776193.0,339,096,SAWMILL RD,195 metres east of SHAVER RD,Ancaster,12,WEST,Culvert,-79.98999333560293,43.13402259835699
589136.817599999718368,4790037.2201,340,282,LONGWOOD RD S,Over HWY 403,Hamilton,,NORTH,Bridge,-79.9018092490101,43.257872835929106
568312.134399999864399,4783066.596,341,146,MISENER RD,80 metres south of INDIAN TL,Ancaster,14,WEST,Culvert,-80.15920709599544,43.19728633709009
591583.518799999728799,4788684.461699999869,342,392,CLAREMONT AC,1100 metres south of YOUNG ST,Hamilton,2,NORTH,Bridge,-79.87189568937742,43.24540069222308
581975.795599999837577,4804519.7223,343,347,CARLISLE RD,355 metres west of WILDBERRY WY,Flamborough,15,WEST,Bridge,-79.98785846340162,43.38907424452625
595353.434100000187755,4783524.5481,344,461,LINCOLN M. ALEXANDER PY CULVERT,75 metres east of DARTNALL RD,Hamilton,6,EAST,Culvert,-79.82635966262754,43.198479465476936
584247.5137,4789083.0697,345,137,OLD ANCASTER RD,285 metres south of ROBINHOOD DR,Dundas,13,WEST,Culvert,-79.96218277537281,43.24984481765397
592518.346,4788864.8092,346,314,CLAREMONT AC,Over CHARLTON AV E,Hamilton,2,NORTH,Bridge,-79.86035265848332,43.24691022075931
590106.352699999697506,4790617.453099999577,347,308,HUNT ST,35 metres west of BREADALBANE ST,Hamilton,1,NORTH,Bridge,-79.88977156702092,43.26298137740751
599927.817499999888241,4788847.663899999112,348,220,RHVP SOUTHBOUND BRIDGE,280 metres north of CNR OVERHEAD,Hamilton,5,NORTH,Bridge,-79.76910527999928,43.24581028633811
589048.468799999915,4794519.742499999702,349,276,NEWMAN RD,315 metres south of YORK RD,Flamborough,13,WEST,Bridge,-79.90217216029595,43.29823941352028
575771.0488,4780945.137099999934,350,097,ALBERTON RD,980 metres north of BOOK RD W,Ancaster,12,WEST,Culvert,-80.06770408984498,43.17747409423123
595056.3881,4787633.756599999964,351,320,KENILWORTH AC,Over SHERMAN AC EB OFF-RAMP,Hamilton,3,NORTH,Bridge,-79.82930744645343,43.23551156307228
603753.98340000025928,4783109.927899999544,352,150,TAPLEYTOWN RD,550 metres north of GREEN MOUNTAIN RD E,Glanbrook,11,EAST,Bridge,-79.72306503430552,43.193639533741035
590969.298299999908,4788631.85339999944,353,318,CLAREMONT AC,Over JAMES MOUNTAIN RD,Hamilton,8,NORTH,Bridge,-79.87946877183104,43.245001414110575
587241.344899999909,4800459.779799999669,354,350,CENTRE RD,435 metres north of CONCESSION 5 E,Flamborough,15,WEST,Bridge,-79.92350325885417,43.3519291305124
584514.179999999701977,4798433.64499999955,355,394,MILLGROVE SIDE RD,260 metres south of CONCESSION 5 W,Flamborough,15,WEST,Culvert,-79.9574612129579,43.33399949114017
598380.224999999627471,4784811.16499999911,356,131,GREENHILL AV,110 metres west of QUIGLEY RD,Hamilton,5,NORTH,Culvert,-79.78888384326181,43.20967435272478
605709.841300000436604,4786871.895199999213,357,161,FRUITLAND RD,140 metres south of SOUTH SERVICE RD,Stoney Creek,10,EAST,Bridge,-79.6982795133632,43.22723521463818
600791.096800000406802,4788380.4988,358,163,CENTENNIAL PY N,540 metres north of BARTON ST E,Hamilton,5,NORTH,Bridge,-79.75855939791438,43.24148968897808
601655.641800000332296,4785186.3136,359,165,NEW MOUNTAIN RD,500 metres north of RIDGE RD,Stoney Creek,10,EAST,Bridge,-79.74850182676958,43.212617740589266
592233.786100000143051,4789222.091199999675,360,167,PEDESTRIAN TUNNEL UNDER CPR TRACKS (FERGUSON AV S),77 metres north of YOUNG ST,Hamilton,2,NORTH,Culvert,-79.8637974156364,43.25016166747871
591899.962299999780953,4789513.845599999651,361,169,JOHN ST S,20 metres south of HUNTER ST E,Hamilton,2,NORTH,Bridge,-79.86786025183235,43.25282908015357
590628.039900000207126,4789925.581,362,174,PEARL ST S,35 metres north of HUNTER ST W,Hamilton,1,NORTH,Bridge,-79.88345873003365,43.25668991481085
590099.076299999840558,4790591.2353,363,188,KING ST W,35 metres west of BREADALBANE ST,Hamilton,1,NORTH,Bridge,-79.88986549481423,43.26274620922938
589876.25,4789822.5,364,177,CHATHAM ST,160 metres west of DUNDURN ST S,Hamilton,1,NORTH,Bridge,-79.89273592695478,43.25585189742382
592342.6546,4790959.2024,365,181,JOHN ST N,75 metres south of STRACHAN ST E,Hamilton,2,NORTH,Bridge,-79.86216535201417,43.26578738710987
592001.555499999783933,4791061.591,366,184,MACNAB ST N,70 metres south of STRACHAN ST W,Hamilton,2,NORTH,Bridge,-79.8663504157515,43.26675090762115
593358.7686,4790658.229599999264,367,186,PEDESTRIAN BRIDGE OVER CNR TRACKS (EMERALD ST N),75 metres south of SHAW ST,Hamilton,3,NORTH,Bridge,-79.84969840975484,43.262952558515245
589852.982200000435114,4793209.79399999976,368,274,YORK BV,110 metres south of VALLEY INN RD,Hamilton,1,NORTH,Bridge,-79.89246963404706,43.28635040437101
585365.662299999967,4787512.4546,369,465,PEDESTRIAN BRIDGE OVER HWY 403,410 metres north of LINCOLN M. ALEXANDER PY,Hamilton,12,WEST,Bridge,-79.94865414318363,43.235578491962904
586475.33,4786195.92,370,466,STONEHENGE DR,95 metres south of STONE CHRUCH RD,Ancaster,12,WEST,Bridge,-79.93519638206485,43.223599102055445
595322.903199999593198,4783583.475099999458,371,468,DARTNALL RD,Over LINCOLN M. ALEXANDER PY,Hamilton,6,EAST,Bridge,-79.82672520331784,43.19901383200073
584965.051099999807775,4791298.5875,372,086,CROSS ST,25 metres south of ALMA ST,Dundas,13,WEST,Culvert,-79.95300334959693,43.269710984270745
596700.322300000116229,4784264.7006,373,204-NB,RHVP TWIN VIA DUCT NORTHBOUND BRIDGE,"Over valley, 930 metres north of LINCOLN ALEXANDER PKWY",Hamilton,5,NORTH,Bridge,-79.8096556609781,43.20497167781211
600059.642400000244379,4784941.300699999556,374,453,CENTENNIAL PY,820 metres north of RIDGE RD,Hamilton,9,EAST,Culvert,-79.76819033152168,43.21062520665187
600134.332100000232458,4784802.164599999785,375,448,CENTENNIAL PY,660 metres north of RIDGE RD,Hamilton,9,EAST,Culvert,-79.76729628279375,43.209362707132776
595644.247399999760091,4783369.159199999645,376,475,PEDESTRIAN BRIDGE OVER LINCOLN M. ALEXANDER PY (ARBOUR RD),390 metres west of PRITCHARD RD,Hamilton,6,EAST,Bridge,-79.82280787635304,43.19704374594757
600362.403400000184774,4789561.957599999383,377,224,PEDESTRIAN BRIDGE OVER QEW (RED HILL CREEK EXPRESSWAY TRAIL),Over QEW,Hamilton,3,NORTH,Bridge,-79.76362326250866,43.25218306492731
580640.752899999730289,4792005.266699999571,378,030,CROOKS HOLLOW RD,625 metres north of HIGHWAY NO. 8,Flamborough,14,WEST,Bridge,-80.00617865678956,43.276548719479905
583100.5,4793000.42,379,082,OFIELD RD S,260 metres north of HARVEST RD,Flamborough,15,WEST,Culvert,-79.97571896765518,43.285240918999186
577419.434000000357628,4808285.630799999461,380,066,MOUNTSBERG RD,1675 metres east of HIGHWAY NO. 6,Flamborough,15,WEST,Culvert,-80.04357384634464,43.42346346095772
574344.192800000309944,4809127.979599999264,381,064,CONCESSION 14 E,110 metres east of MADDAUGH RD,Flamborough,15,WEST,Culvert,-80.08144526042237,43.43135875375583
581695.572599999606609,4806735.1409,382,070,CONCESSION 10 E,675 metres east of CENTRE RD,Flamborough,15,WEST,Bridge,-79.99098684803597,43.40905036057481
589442.939899999648333,4800876.389599999413,383,076,ROBSON RD,960 metres north of PARKSIDE DR,Flamborough,15,WEST,Culvert,-79.89627403879778,43.3554209089333
588218.5,4797855.5,384,077,LONGYEAR DR,75 metres west of BRIAN BV,Flamborough,15,WEST,Culvert,-79.91186681457506,43.32836887780544
589071.836299999617,4793379.8671,385,117,OLD GUELPH RD,110 metres south of HOMESTEAD AV,Dundas,13,WEST,Bridge,-79.9020687763032,43.28797438321278
567446.954,4784449.886399999261,386,110,WEIR RD,55 metres north of POWERLINE RD W,Ancaster,14,WEST,Culvert,-80.16968581898938,43.20981899689892
578063.299899999984,4780501.964199999347,387,105,BOOK RD W,330 metres west of TRINITY RD S,Ancaster,12,WEST,Culvert,-80.03956632834411,43.1732506808571
584862.117200000211596,4790535.08699999936,388,296,GOVERNOR'S RD,45 metres east of OGILVIE ST,Hamilton,13,WEST,Bridge,-79.95438923561287,43.2628486635006
578997.630900000222027,4800555.74599999934,389,383,BROCK RD,860 metres south of SAFARI RD,Flamborough,14,WEST,Bridge,-80.0251958403382,43.35370528269862
583315.551599999889731,4787020.891499999911,390,371,WILSON ST E,45 metres north of ROUSSEAUX ST,Ancaster,12,WEST,Culvert,-79.97397311936066,43.23138205536444
584417.3613,4788067.060799999163,391,372,WILSON ST E,1700 metres east of ROUSSEAUX ST S/SIDE (Original Culvert),Hamilton,12,WEST,Culvert,-79.96024641985184,43.24067846884163
584917.969399999827147,4790402.3234,392,136,OGILVIE ST,165 metres south of GOVERNOR'S RD,Dundas,13,WEST,Culvert,-79.9537216479443,43.26164707774515
586349.900999999605119,4789821.6094,393,303,PEDESTRIAN RAIL TRAIL BRIDGE OVER MAIN ST W,105 metres south of OSLER DR,Hamilton,1,NORTH,Bridge,-79.93617274616206,43.2562561178333
584543.8684,4792553.0941,394,128,FALLSVIEW RD E,715 metres west of SYDENHAM RD,Glanbrook,15,WEST,Culvert,-79.95799988912566,43.28105289642304
586674.81180000025779,4792219.3548,395,375,YORK RD,100 metres north of WATSONS LN,Dundas,13,WEST,Culvert,-79.93179308313049,43.27780597003
594901.545,4782605.25,396,256,DARTNALL RD,200 metres north of RYMAL RD E,,6,NULL,Culvert,-79.83207838275942,43.19026002573896
588083.122399999760091,4798084.3452,397,192,PARKSIDE DR,134 metres west of BRAEHEID AVE,,15,NULL,Culvert,-79.91349960963255,43.33044503215481
610405.442599999718368,4784714.17159999907,398,243,FIFTY RD,40 metres south of HWY8,,11,,Culvert,-79.64090462051114,43.20713846042909
605279.336699999869,4787404.3099,399,235,SOUTH SERVICE RD.,210 metres east of DEWITT DR,,11,NULL,Culvert,-79.70347784635447,43.23208842770356
610429.17,4784740.72,400,244,HWY 8,15 metres west of FIFTY RD,,11,,Culvert,-79.64060730755669,43.20737398487684
591187.7867,4788643.419299999252,401,280,CLAREMONT ACCESS,250 metres west of CLAREMONT ACCESS,,6,NULL,Bridge,-79.87677609283762,43.24507915091001
566387.610000000335276,4798399.424,402,279,SAFARI RD,50m east of COOPER RD,,14,NULL,Culvert,-80.18104319662969,43.33551091058528
587923.381299999542534,4789427.4864,403,278,DELBROOK CRT,3m south of STROUD RD,,1,NULL,Culvert,-79.91685379667817,43.25252589187302
